onset_beat,duration_beat,onset_quarter,duration_quarter,onset_div,duration_div,pitch,voice,id,last_beat,last_beat_ref
0.0,0.5,0.0,1.0,0,4,47,5,n9-1,0.0,1.049479
0.0,0.25,0.0,0.5,0,2,62,1,n1-1,0.0,1.049479
0.25,0.25,0.5,0.5,2,2,66,1,n2-1,0.0,1.049479
0.5,0.5,1.0,1.0,4,4,50,5,n10-1,0.0,1.049479
0.5,0.25,1.0,0.5,4,2,59,1,n3-1,0.0,1.049479
0.75,0.25,1.5,0.5,6,2,61,1,n4-1,0.0,1.049479
1.0,0.625,2.0,1.25,8,5,54,5,n11-1,1.0,2.086589
1.0,0.25,2.0,0.5,8,2,62,1,n5-1,1.0,2.086589
1.25,0.25,2.5,0.5,10,2,66,1,n6-1,1.0,2.086589
1.5,0.25,3.0,0.5,12,2,59,1,n7-1,1.0,2.086589
1.625,0.125,3.25,0.25,13,1,55,5,n13-1,1.0,2.086589
1.75,0.125,3.5,0.25,14,1,54,5,n14-1,1.0,2.086589
1.75,0.25,3.5,0.5,14,2,62,1,n8-1,1.0,2.086589
1.875,0.125,3.75,0.25,15,1,53,5,n15-1,1.0,2.086589
2.0,0.5,4.0,1.0,16,4,54,5,n26-1,2.0,3.095703
2.0,0.25,4.0,0.5,16,2,61,1,n16-1,2.0,3.095703
2.25,0.25,4.5,0.5,18,2,66,1,n17-1,2.0,3.095703
2.5,0.5,5.0,1.0,20,4,46,5,n27-1,2.0,3.095703
2.5,0.125,5.0,0.25,20,1,67,1,n18-1,2.0,3.095703
2.625,0.125,5.25,0.25,21,1,66,1,n19-1,2.0,3.095703
2.75,0.125,5.5,0.25,22,1,65,1,n20-1,2.0,3.095703
2.875,0.125,5.75,0.25,23,1,66,1,n21-1,2.0,3.095703
3.0,0.5,6.0,1.0,24,4,49,5,n28-1,3.0,4.076172
3.0,0.25,6.0,0.5,24,2,70,1,n22-1,3.0,4.076172
3.25,0.25,6.5,0.5,26,2,66,1,n23-1,3.0,4.076172
3.5,0.5,7.0,1.0,28,4,54,5,n29-1,3.0,4.076172
3.5,0.25,7.0,0.5,28,2,73,1,n24-1,3.0,4.076172
3.75,0.25,7.5,0.5,30,2,64,1,n25-1,3.0,4.076172
4.0,0.5,8.0,1.0,32,4,47,5,n38-1,4.0,5.103516
4.0,0.25,8.0,0.5,32,2,62,1,n30-1,4.0,5.103516
4.25,0.25,8.5,0.5,34,2,66,1,n31-1,4.0,5.103516
4.5,0.5,9.0,1.0,36,4,50,5,n39-1,4.0,5.103516
4.5,0.25,9.0,0.5,36,2,59,1,n32-1,4.0,5.103516
4.75,0.25,9.5,0.5,38,2,61,1,n33-1,4.0,5.103516
5.0,0.625,10.0,1.25,40,5,54,5,n40-1,5.0,6.085286
5.0,0.25,10.0,0.5,40,2,62,1,n34-1,5.0,6.085286
5.25,0.25,10.5,0.5,42,2,66,1,n35-1,5.0,6.085286
5.5,0.25,11.0,0.5,44,2,59,1,n36-1,5.0,6.085286
5.625,0.125,11.25,0.25,45,1,55,5,n42-1,5.0,6.085286
5.75,0.125,11.5,0.25,46,1,54,5,n43-1,5.0,6.085286
5.75,0.25,11.5,0.5,46,2,62,1,n37-1,5.0,6.085286
5.875,0.125,11.75,0.25,47,1,53,5,n44-1,5.0,6.085286
6.0,0.5,12.0,1.0,48,4,54,5,n52-1,6.0,7.074219
6.0,0.25,12.0,0.5,48,2,61,1,n45-1,6.0,7.074219
6.25,0.25,12.5,0.5,50,2,66,1,n46-1,6.0,7.074219
6.5,0.5,13.0,1.0,52,4,42,5,n53-1,6.0,7.074219
6.5,0.25,13.0,0.5,52,2,61,1,n47-1,6.0,7.074219
6.75,0.25,13.5,0.5,54,2,58,1,n48-1,6.0,7.074219
7.0,0.25,14.0,0.5,56,2,54,1,n49-1,7.0,8.130208
7.25,0.25,14.5,0.5,58,2,52,5,n55-1,7.0,8.130208
7.5,0.25,15.0,0.5,60,2,50,5,n56-1,7.0,8.130208
7.75,0.25,15.5,0.5,62,2,49,5,n57-1,7.0,8.130208
8.0,0.25,16.0,0.5,64,2,50,5,n62-1,8.0,9.16276
8.25,0.25,16.5,0.5,66,2,54,5,n63-1,8.0,9.16276
8.5,0.25,17.0,0.5,68,2,47,5,n64-1,8.0,9.16276
8.5,0.5,17.0,1.0,68,4,74,1,n59-1,8.0,9.16276
8.75,0.25,17.5,0.5,70,2,49,5,n65-1,8.0,9.16276
9.0,0.25,18.0,0.5,72,2,50,5,n66-1,9.0,10.183594
9.0,0.5,18.0,1.0,72,4,71,1,n60-1,9.0,10.183594
9.25,0.25,18.5,0.5,74,2,54,5,n67-1,9.0,10.183594
9.5,0.25,19.0,0.5,76,2,47,5,n68-1,9.0,10.183594
9.5,0.5,19.0,1.0,76,4,66,1,n61-1,9.0,10.183594
9.75,0.25,19.5,0.5,78,2,50,5,n69-1,9.0,10.183594
10.0,0.25,20.0,0.5,80,2,49,5,n74-1,10.0,11.208333
10.25,0.25,20.5,0.5,82,2,54,5,n75-1,10.0,11.208333
10.5,0.125,21.0,0.25,84,1,55,5,n76-1,10.0,11.208333
10.5,0.5,21.0,1.0,84,4,76,1,n71-1,10.0,11.208333
10.625,0.125,21.25,0.25,85,1,54,5,n77-1,10.0,11.208333
10.75,0.125,21.5,0.25,86,1,53,5,n78-1,10.0,11.208333
10.875,0.125,21.75,0.25,87,1,54,5,n79-1,10.0,11.208333
11.0,0.25,22.0,0.5,88,2,58,5,n80-1,11.0,12.220052
11.0,0.5,22.0,1.0,88,4,73,1,n72-1,11.0,12.220052
11.25,0.25,22.5,0.5,90,2,54,5,n81-1,11.0,12.220052
11.5,0.25,23.0,0.5,92,2,61,5,n82-1,11.0,12.220052
11.5,0.5,23.0,1.0,92,4,66,1,n73-1,11.0,12.220052
11.75,0.25,23.5,0.5,94,2,52,5,n83-1,11.0,12.220052
12.0,0.25,24.0,0.5,96,2,50,5,n93-1,12.0,13.270833
12.25,0.25,24.5,0.5,98,2,54,5,n94-1,12.0,13.270833
12.5,0.25,25.0,0.5,100,2,47,5,n95-1,12.0,13.270833
12.5,0.75,25.0,1.5,100,6,78,1,n85-1,12.0,13.270833
12.75,0.25,25.5,0.5,102,2,49,5,n96-1,12.0,13.270833
13.0,0.25,26.0,0.5,104,2,50,5,n97-1,13.0,14.28125
13.25,0.25,26.5,0.5,106,2,54,5,n98-1,13.0,14.28125
13.25,0.125,26.5,0.25,106,1,76,1,n87-1,13.0,14.28125
13.375,0.125,26.75,0.25,107,1,74,1,n88-1,13.0,14.28125
13.5,0.25,27.0,0.5,108,2,47,5,n99-1,13.0,14.28125
13.5,0.125,27.0,0.25,108,1,76,1,n89-1,13.0,14.28125
13.625,0.125,27.25,0.25,109,1,74,1,n90-1,13.0,14.28125
13.75,0.25,27.5,0.5,110,2,50,5,n100-1,13.0,14.28125
13.75,0.125,27.5,0.25,110,1,73,1,n91-1,13.0,14.28125
13.875,0.125,27.75,0.25,111,1,71,1,n92-1,13.0,14.28125
14.0,0.25,28.0,0.5,112,2,49,5,n109-1,14.0,15.253256
14.0,0.5,28.0,1.0,112,4,71,1,n101-1,14.0,15.253256
14.25,0.25,28.5,0.5,114,2,54,5,n110-1,14.0,15.253256
14.5,0.25,29.0,0.5,116,2,49,5,n111-1,14.0,15.253256
14.5,0.5,29.0,1.0,116,4,70,1,n102-1,14.0,15.253256
14.75,0.25,29.5,0.5,118,2,46,5,n112-1,14.0,15.253256
15.0,0.5,30.0,1.0,120,4,42,5,n113-1,15.0,16.255207
15.25,0.125,30.5,0.25,122,1,64,1,n104-1,15.0,16.255207
15.375,0.125,30.75,0.25,123,1,62,1,n105-1,15.0,16.255207
15.5,0.5,31.0,1.0,124,4,58,5,n114-1,15.0,16.255207
15.5,0.125,31.0,0.25,124,1,61,1,n106-1,15.0,16.255207
15.625,0.125,31.25,0.25,125,1,62,1,n107-1,15.0,16.255207
15.75,0.25,31.5,0.5,126,2,64,1,n108-1,15.0,16.255207
16.0,0.5,32.0,1.0,128,4,47,5,n124-1,16.0,17.33659
16.0,0.25,32.0,0.5,128,2,62,1,n115-1,16.0,17.33659
16.25,0.125,32.5,0.25,130,1,71,1,n116-1,16.0,17.33659
16.375,0.125,32.75,0.25,131,1,73,1,n117-1,16.0,17.33659
16.5,0.5,33.0,1.0,132,4,59,5,n125-1,16.0,17.33659
16.5,0.125,33.0,0.25,132,1,74,1,n118-1,16.0,17.33659
16.625,0.125,33.25,0.25,133,1,73,1,n119-1,16.0,17.33659
16.75,0.5,33.5,1.0,134,4,71,1,n120-1,16.0,17.33659
17.0,0.5,34.0,1.0,136,4,61,5,n126-1,17.0,18.342447
17.25,0.5,34.5,1.0,138,4,78,1,n122-1,17.0,18.342447
17.5,0.5,35.0,1.0,140,4,63,5,n127-1,17.0,18.342447
17.75,0.5,35.5,1.0,142,4,69,1,n123-1,17.0,18.342447
18.0,0.5,36.0,1.0,144,4,64,5,n137-1,18.0,19.41276
18.25,0.125,36.5,0.25,146,1,71,1,n129-1,18.0,19.41276
18.375,0.125,36.75,0.25,147,1,69,1,n130-1,18.0,19.41276
18.5,0.5,37.0,1.0,148,4,52,5,n138-1,18.0,19.41276
18.5,0.125,37.0,0.25,148,1,68,1,n131-1,18.0,19.41276
18.625,0.125,37.25,0.25,149,1,69,1,n132-1,18.0,19.41276
18.75,0.5,37.5,1.0,150,4,71,1,n133-1,18.0,19.41276
19.0,0.5,38.0,1.0,152,4,54,5,n139-1,19.0,20.373697
19.25,0.5,38.5,1.0,154,4,62,1,n135-1,19.0,20.373697
19.5,0.5,39.0,1.0,156,4,56,5,n140-1,19.0,20.373697
19.75,0.25,39.5,0.5,158,2,71,1,n136-1,19.0,20.373697
20.0,0.5,40.0,1.0,160,4,45,5,n150-1,20.0,21.410807
20.0,0.25,40.0,0.5,160,2,61,1,n141-1,20.0,21.410807
20.25,0.125,40.5,0.25,162,1,69,1,n142-1,20.0,21.410807
20.375,0.125,40.75,0.25,163,1,71,1,n143-1,20.0,21.410807
20.5,0.5,41.0,1.0,164,4,57,5,n151-1,20.0,21.410807
20.5,0.125,41.0,0.25,164,1,73,1,n144-1,20.0,21.410807
20.625,0.125,41.25,0.25,165,1,71,1,n145-1,20.0,21.410807
20.75,0.5,41.5,1.0,166,4,69,1,n146-1,20.0,21.410807
21.0,0.5,42.0,1.0,168,4,59,5,n152-1,21.0,22.376303
21.25,0.5,42.5,1.0,170,4,76,1,n148-1,21.0,22.376303
21.5,0.5,43.0,1.0,172,4,61,5,n153-1,21.0,22.376303
21.75,0.5,43.5,1.0,174,4,67,1,n149-1,21.0,22.376303
22.0,0.5,44.0,1.0,176,4,62,5,n163-1,22.0,23.432293
22.25,0.125,44.5,0.25,178,1,69,1,n155-1,22.0,23.432293
22.375,0.125,44.75,0.25,179,1,67,1,n156-1,22.0,23.432293
22.5,0.5,45.0,1.0,180,4,50,5,n164-1,22.0,23.432293
22.5,0.125,45.0,0.25,180,1,66,1,n157-1,22.0,23.432293
22.625,0.125,45.25,0.25,181,1,67,1,n158-1,22.0,23.432293
22.75,0.5,45.5,1.0,182,4,69,1,n159-1,22.0,23.432293
23.0,0.5,46.0,1.0,184,4,52,5,n165-1,23.0,24.417969
23.25,0.5,46.5,1.0,186,4,61,1,n161-1,23.0,24.417969
23.5,0.5,47.0,1.0,188,4,54,5,n166-1,23.0,24.417969
23.75,0.25,47.5,0.5,190,2,69,1,n162-1,23.0,24.417969
24.0,0.5,48.0,1.0,192,4,43,5,n177-1,24.0,25.5625
24.0,0.25,48.0,0.5,192,2,59,1,n167-1,24.0,25.5625
24.25,0.5,48.5,1.0,194,4,66,1,n168-1,24.0,25.5625
24.5,0.5,49.0,1.0,196,4,47,5,n178-1,24.0,25.5625
24.75,0.5,49.5,1.0,198,4,69,1,n169-1,24.0,25.5625
25.0,0.5,50.0,1.0,200,4,50,5,n179-1,25.0,26.635418
25.25,0.125,50.5,0.25,202,1,67,1,n171-1,25.0,26.635418
25.375,0.125,50.75,0.25,203,1,66,1,n172-1,25.0,26.635418
25.5,0.5,51.0,1.0,204,4,52,5,n180-1,25.0,26.635418
25.5,0.125,51.0,0.25,204,1,67,1,n173-1,25.0,26.635418
25.625,0.125,51.25,0.25,205,1,66,1,n174-1,25.0,26.635418
25.75,0.125,51.5,0.25,206,1,64,1,n175-1,25.0,26.635418
25.875,0.125,51.75,0.25,207,1,62,1,n176-1,25.0,26.635418
26.0,0.5,52.0,1.0,208,4,45,5,n191-1,26.0,27.58138
26.0,0.25,52.0,0.5,208,2,61,1,n181-1,26.0,27.58138
26.25,0.5,52.5,1.0,210,4,67,1,n182-1,26.0,27.58138
26.5,0.5,53.0,1.0,212,4,49,5,n192-1,26.0,27.58138
26.75,0.5,53.5,1.0,214,4,71,1,n183-1,26.0,27.58138
27.0,0.5,54.0,1.0,216,4,52,5,n193-1,27.0,28.640625
27.25,0.125,54.5,0.25,218,1,69,1,n185-1,27.0,28.640625
27.375,0.125,54.75,0.25,219,1,67,1,n186-1,27.0,28.640625
27.5,0.5,55.0,1.0,220,4,54,5,n194-1,27.0,28.640625
27.5,0.125,55.0,0.25,220,1,69,1,n187-1,27.0,28.640625
27.625,0.125,55.25,0.25,221,1,67,1,n188-1,27.0,28.640625
27.75,0.125,55.5,0.25,222,1,66,1,n189-1,27.0,28.640625
27.875,0.125,55.75,0.25,223,1,64,1,n190-1,27.0,28.640625
28.0,0.5,56.0,1.0,224,4,47,5,n205-1,28.0,29.620441
28.0,0.25,56.0,0.5,224,2,62,1,n195-1,28.0,29.620441
28.25,0.5,56.5,1.0,226,4,69,1,n196-1,28.0,29.620441
28.5,0.5,57.0,1.0,228,4,50,5,n206-1,28.0,29.620441
28.75,0.5,57.5,1.0,230,4,72,1,n197-1,28.0,29.620441
29.0,0.5,58.0,1.0,232,4,54,5,n207-1,29.0,30.679688
29.25,0.125,58.5,0.25,234,1,71,1,n199-1,29.0,30.679688
29.375,0.125,58.75,0.25,235,1,69,1,n200-1,29.0,30.679688
29.5,0.5,59.0,1.0,236,4,55,5,n208-1,29.0,30.679688
29.5,0.125,59.0,0.25,236,1,71,1,n201-1,29.0,30.679688
29.625,0.125,59.25,0.25,237,1,69,1,n202-1,29.0,30.679688
29.75,0.125,59.5,0.25,238,1,67,1,n203-1,29.0,30.679688
29.875,0.125,59.75,0.25,239,1,66,1,n204-1,29.0,30.679688
30.0,0.5,60.0,1.0,240,4,49,5,n219-1,30.0,31.629557
30.0,0.25,60.0,0.5,240,2,64,1,n209-1,30.0,31.629557
30.25,0.5,60.5,1.0,242,4,71,1,n210-1,30.0,31.629557
30.5,0.5,61.0,1.0,244,4,52,5,n220-1,30.0,31.629557
30.75,0.5,61.5,1.0,246,4,74,1,n211-1,30.0,31.629557
31.0,0.5,62.0,1.0,248,4,55,5,n221-1,31.0,32.848957
31.25,0.125,62.5,0.25,250,1,73,1,n213-1,31.0,32.848957
31.375,0.125,62.75,0.25,251,1,71,1,n214-1,31.0,32.848957
31.5,0.5,63.0,1.0,252,4,57,5,n222-1,31.0,32.848957
31.5,0.125,63.0,0.25,252,1,73,1,n215-1,31.0,32.848957
31.625,0.125,63.25,0.25,253,1,71,1,n216-1,31.0,32.848957
31.75,0.125,63.5,0.25,254,1,69,1,n217-1,31.0,32.848957
31.875,0.125,63.75,0.25,255,1,67,1,n218-1,31.0,32.848957
32.0,0.5,64.0,1.0,256,4,50,5,n231-1,32.0,34.04427
32.0,0.25,64.0,0.5,256,2,66,1,n223-1,32.0,34.04427
32.25,0.25,64.5,0.5,258,2,69,1,n224-1,32.0,34.04427
32.5,0.5,65.0,1.0,260,4,54,5,n232-1,32.0,34.04427
32.5,0.25,65.0,0.5,260,2,62,1,n225-1,32.0,34.04427
32.75,0.25,65.5,0.5,262,2,64,1,n226-1,32.0,34.04427
33.0,0.625,66.0,1.25,264,5,57,5,n233-1,33.0,35.06706
33.0,0.25,66.0,0.5,264,2,66,1,n227-1,33.0,35.06706
33.25,0.25,66.5,0.5,266,2,69,1,n228-1,33.0,35.06706
33.5,0.25,67.0,0.5,268,2,62,1,n229-1,33.0,35.06706
33.625,0.125,67.25,0.25,269,1,59,5,n235-1,33.0,35.06706
33.75,0.125,67.5,0.25,270,1,57,5,n236-1,33.0,35.06706
33.75,0.25,67.5,0.5,270,2,66,1,n230-1,33.0,35.06706
33.875,0.125,67.75,0.25,271,1,56,5,n237-1,33.0,35.06706
34.0,0.5,68.0,1.0,272,4,57,5,n248-1,34.0,36.0
34.0,0.25,68.0,0.5,272,2,64,1,n238-1,34.0,36.0
34.25,0.25,68.5,0.5,274,2,69,1,n239-1,34.0,36.0
34.5,0.5,69.0,1.0,276,4,49,5,n249-1,34.0,36.0
34.5,0.125,69.0,0.25,276,1,71,1,n240-1,34.0,36.0
34.625,0.125,69.25,0.25,277,1,69,1,n241-1,34.0,36.0
34.75,0.125,69.5,0.25,278,1,68,1,n242-1,34.0,36.0
34.875,0.125,69.75,0.25,279,1,69,1,n243-1,34.0,36.0
35.0,0.5,70.0,1.0,280,4,52,5,n250-1,35.0,36.95117
35.0,0.25,70.0,0.5,280,2,73,1,n244-1,35.0,36.95117
35.25,0.25,70.5,0.5,282,2,69,1,n245-1,35.0,36.95117
35.5,0.5,71.0,1.0,284,4,57,5,n251-1,35.0,36.95117
35.5,0.25,71.0,0.5,284,2,76,1,n246-1,35.0,36.95117
35.75,0.25,71.5,0.5,286,2,67,1,n247-1,35.0,36.95117
36.0,0.5,72.0,1.0,288,4,50,5,n260-1,36.0,37.953125
36.0,0.25,72.0,0.5,288,2,66,1,n252-1,36.0,37.953125
36.25,0.25,72.5,0.5,290,2,69,1,n253-1,36.0,37.953125
36.5,0.5,73.0,1.0,292,4,54,5,n261-1,36.0,37.953125
36.5,0.25,73.0,0.5,292,2,62,1,n254-1,36.0,37.953125
36.75,0.25,73.5,0.5,294,2,64,1,n255-1,36.0,37.953125
37.0,0.625,74.0,1.25,296,5,57,5,n262-1,37.0,38.948566
37.0,0.25,74.0,0.5,296,2,66,1,n256-1,37.0,38.948566
37.25,0.25,74.5,0.5,298,2,69,1,n257-1,37.0,38.948566
37.5,0.25,75.0,0.5,300,2,62,1,n258-1,37.0,38.948566
37.625,0.125,75.25,0.25,301,1,59,5,n264-1,37.0,38.948566
37.75,0.125,75.5,0.25,302,1,57,5,n265-1,37.0,38.948566
37.75,0.25,75.5,0.5,302,2,66,1,n259-1,37.0,38.948566
37.875,0.125,75.75,0.25,303,1,56,5,n266-1,37.0,38.948566
38.0,0.5,76.0,1.0,304,4,57,5,n274-1,38.0,39.85742
38.0,0.25,76.0,0.5,304,2,64,1,n267-1,38.0,39.85742
38.25,0.25,76.5,0.5,306,2,69,1,n268-1,38.0,39.85742
38.5,0.5,77.0,1.0,308,4,45,5,n275-1,38.0,39.85742
38.5,0.25,77.0,0.5,308,2,64,1,n269-1,38.0,39.85742
38.75,0.25,77.5,0.5,310,2,61,1,n270-1,38.0,39.85742
39.0,0.25,78.0,0.5,312,2,57,1,n271-1,39.0,40.885418
39.25,0.25,78.5,0.5,314,2,55,5,n277-1,39.0,40.885418
39.5,0.25,79.0,0.5,316,2,54,5,n278-1,39.0,40.885418
39.75,0.25,79.5,0.5,318,2,52,5,n279-1,39.0,40.885418
40.0,0.25,80.0,0.5,320,2,54,5,n287-1,40.0,41.895832
40.25,0.25,80.5,0.5,322,2,57,5,n288-1,40.0,41.895832
40.5,0.25,81.0,0.5,324,2,50,5,n289-1,40.0,41.895832
40.5,0.5,81.0,1.0,324,4,69,1,n281-1,40.0,41.895832
40.75,0.25,81.5,0.5,326,2,52,5,n290-1,40.0,41.895832
41.0,0.25,82.0,0.5,328,2,54,5,n291-1,41.0,42.88867
41.0,0.125,82.0,0.25,328,1,71,1,n282-1,41.0,42.88867
41.125,0.125,82.25,0.25,329,1,69,1,n283-1,41.0,42.88867
41.25,0.25,82.5,0.5,330,2,57,5,n292-1,41.0,42.88867
41.25,0.125,82.5,0.25,330,1,68,1,n284-1,41.0,42.88867
41.375,0.125,82.75,0.25,331,1,69,1,n285-1,41.0,42.88867
41.5,0.25,83.0,0.5,332,2,50,5,n293-1,41.0,42.88867
41.5,0.5,83.0,1.0,332,4,78,1,n286-1,41.0,42.88867
41.75,0.25,83.5,0.5,334,2,54,5,n294-1,41.0,42.88867
42.0,0.25,84.0,0.5,336,2,52,5,n302-1,42.0,43.902344
42.25,0.25,84.5,0.5,338,2,57,5,n303-1,42.0,43.902344
42.5,0.125,85.0,0.25,340,1,59,5,n304-1,42.0,43.902344
42.5,0.5,85.0,1.0,340,4,69,1,n296-1,42.0,43.902344
42.625,0.125,85.25,0.25,341,1,57,5,n305-1,42.0,43.902344
42.75,0.125,85.5,0.25,342,1,56,5,n306-1,42.0,43.902344
42.875,0.125,85.75,0.25,343,1,57,5,n307-1,42.0,43.902344
43.0,0.25,86.0,0.5,344,2,61,5,n308-1,43.0,44.853516
43.0,0.125,86.0,0.25,344,1,71,1,n297-1,43.0,44.853516
43.125,0.125,86.25,0.25,345,1,69,1,n298-1,43.0,44.853516
43.25,0.25,86.5,0.5,346,2,57,5,n309-1,43.0,44.853516
43.25,0.125,86.5,0.25,346,1,68,1,n299-1,43.0,44.853516
43.375,0.125,86.75,0.25,347,1,69,1,n300-1,43.0,44.853516
43.5,0.25,87.0,0.5,348,2,64,5,n310-1,43.0,44.853516
43.5,0.5,87.0,1.0,348,4,79,1,n301-1,43.0,44.853516
43.75,0.25,87.5,0.5,350,2,55,5,n311-1,43.0,44.853516
44.0,0.25,88.0,0.5,352,2,54,5,n320-1,44.0,45.84245
44.25,0.25,88.5,0.5,354,2,57,5,n321-1,44.0,45.84245
44.5,0.25,89.0,0.5,356,2,50,5,n322-1,44.0,45.84245
44.5,0.5,89.0,1.0,356,4,69,1,n313-1,44.0,45.84245
44.75,0.25,89.5,0.5,358,2,52,5,n323-1,44.0,45.84245
45.0,0.25,90.0,0.5,360,2,54,5,n324-1,45.0,46.811848
45.0,0.125,90.0,0.25,360,1,71,1,n314-1,45.0,46.811848
45.125,0.125,90.25,0.25,361,1,69,1,n315-1,45.0,46.811848
45.25,0.25,90.5,0.5,362,2,57,5,n325-1,45.0,46.811848
45.25,0.125,90.5,0.25,362,1,68,1,n316-1,45.0,46.811848
45.375,0.125,90.75,0.25,363,1,69,1,n317-1,45.0,46.811848
45.5,0.25,91.0,0.5,364,2,50,5,n326-1,45.0,46.811848
45.5,0.25,91.0,0.5,364,2,81,1,n318-1,45.0,46.811848
45.75,0.25,91.5,0.5,366,2,54,5,n327-1,45.0,46.811848
45.75,0.25,91.5,0.5,366,2,74,1,n319-1,45.0,46.811848
46.0,0.25,92.0,0.5,368,2,52,5,n338-1,46.0,47.783855
46.0,0.5,92.0,1.0,368,4,74,1,n328-1,46.0,47.783855
46.25,0.25,92.5,0.5,370,2,57,5,n339-1,46.0,47.783855
46.5,0.25,93.0,0.5,372,2,52,5,n340-1,46.0,47.783855
46.5,0.625,93.0,1.25,372,5,73,1,n329-1,46.0,47.783855
46.75,0.25,93.5,0.5,374,2,49,5,n341-1,46.0,47.783855
47.0,0.25,94.0,0.5,376,2,45,5,n342-1,47.0,48.822918
47.125,0.125,94.25,0.25,377,1,71,1,n331-1,47.0,48.822918
47.25,0.25,94.5,0.5,378,2,57,5,n343-1,47.0,48.822918
47.25,0.125,94.5,0.25,378,1,73,1,n332-1,47.0,48.822918
47.375,0.125,94.75,0.25,379,1,75,1,n333-1,47.0,48.822918
47.5,0.25,95.0,0.5,380,2,55,5,n344-1,47.0,48.822918
47.5,0.125,95.0,0.25,380,1,76,1,n334-1,47.0,48.822918
47.625,0.125,95.25,0.25,381,1,75,1,n335-1,47.0,48.822918
47.75,0.25,95.5,0.5,382,2,54,5,n345-1,47.0,48.822918
47.75,0.125,95.5,0.25,382,1,73,1,n336-1,47.0,48.822918
47.875,0.125,95.75,0.25,383,1,75,1,n337-1,47.0,48.822918
48.0,0.25,96.0,0.5,384,2,55,5,n354-1,48.0,49.884766
48.0,0.25,96.0,0.5,384,2,76,1,n346-1,48.0,49.884766
48.25,0.25,96.5,0.5,386,2,59,5,n355-1,48.0,49.884766
48.25,0.25,96.5,0.5,386,2,79,1,n347-1,48.0,49.884766
48.5,0.25,97.0,0.5,388,2,52,5,n356-1,48.0,49.884766
48.5,0.25,97.0,0.5,388,2,71,1,n348-1,48.0,49.884766
48.75,0.25,97.5,0.5,390,2,54,5,n357-1,48.0,49.884766
48.75,0.25,97.5,0.5,390,2,75,1,n349-1,48.0,49.884766
49.0,0.25,98.0,0.5,392,2,55,5,n358-1,49.0,50.93164
49.0,0.25,98.0,0.5,392,2,76,1,n350-1,49.0,50.93164
49.25,0.25,98.5,0.5,394,2,59,5,n359-1,49.0,50.93164
49.25,0.25,98.5,0.5,394,2,79,1,n351-1,49.0,50.93164
49.5,0.25,99.0,0.5,396,2,52,5,n360-1,49.0,50.93164
49.5,0.25,99.0,0.5,396,2,71,1,n352-1,49.0,50.93164
49.75,0.25,99.5,0.5,398,2,55,5,n361-1,49.0,50.93164
49.75,0.25,99.5,0.5,398,2,76,1,n353-1,49.0,50.93164
50.0,0.25,100.0,0.5,400,2,54,5,n368-1,50.0,51.94922
50.0,0.5,100.0,1.0,400,4,76,1,n362-1,50.0,51.94922
50.25,0.25,100.5,0.5,402,2,59,5,n369-1,50.0,51.94922
50.5,0.125,101.0,0.25,404,1,60,5,n370-1,50.0,51.94922
50.5,0.25,101.0,0.5,404,2,75,1,n363-1,50.0,51.94922
50.625,0.125,101.25,0.25,405,1,59,5,n371-1,50.0,51.94922
50.75,0.125,101.5,0.25,406,1,58,5,n372-1,50.0,51.94922
50.75,0.25,101.5,0.5,406,2,78,1,n364-1,50.0,51.94922
50.875,0.125,101.75,0.25,407,1,59,5,n373-1,50.0,51.94922
51.0,0.25,102.0,0.5,408,2,63,5,n374-1,51.0,52.91927
51.0,0.5,102.0,1.0,408,4,71,1,n365-1,51.0,52.91927
51.25,0.25,102.5,0.5,410,2,59,5,n375-1,51.0,52.91927
51.5,0.25,103.0,0.5,412,2,66,5,n376-1,51.0,52.91927
51.5,0.25,103.0,0.5,412,2,69,1,n366-1,51.0,52.91927
51.75,0.25,103.5,0.5,414,2,57,5,n377-1,51.0,52.91927
51.75,0.25,103.5,0.5,414,2,78,1,n367-1,51.0,52.91927
52.0,0.25,104.0,0.5,416,2,55,5,n386-1,52.0,53.952473
52.0,0.125,104.0,0.25,416,1,78,1,n378-1,52.0,53.952473
52.125,0.125,104.25,0.25,417,1,76,1,n379-1,52.0,53.952473
52.25,0.25,104.5,0.5,418,2,59,5,n387-1,52.0,53.952473
52.25,0.25,104.5,0.5,418,2,75,1,n380-1,52.0,53.952473
52.5,0.25,105.0,0.5,420,2,52,5,n388-1,52.0,53.952473
52.5,0.25,105.0,0.5,420,2,76,1,n381-1,52.0,53.952473
52.75,0.25,105.5,0.5,422,2,54,5,n389-1,52.0,53.952473
52.75,0.25,105.5,0.5,422,2,69,1,n382-1,52.0,53.952473
53.0,0.25,106.0,0.5,424,2,55,5,n390-1,53.0,54.96875
53.0,0.5,106.0,1.0,424,4,69,1,n383-1,53.0,54.96875
53.25,0.25,106.5,0.5,426,2,59,5,n391-1,53.0,54.96875
53.5,0.25,107.0,0.5,428,2,52,5,n392-1,53.0,54.96875
53.5,0.25,107.0,0.5,428,2,67,1,n384-1,53.0,54.96875
53.75,0.25,107.5,0.5,430,2,55,5,n393-1,53.0,54.96875
53.75,0.25,107.5,0.5,430,2,76,1,n385-1,53.0,54.96875
54.0,0.25,108.0,0.5,432,2,54,5,n405-1,54.0,55.994793
54.0,0.25,108.0,0.5,432,2,76,1,n394-1,54.0,55.994793
54.25,0.25,108.5,0.5,434,2,59,5,n406-1,54.0,55.994793
54.25,0.25,108.5,0.5,434,2,75,1,n395-1,54.0,55.994793
54.5,0.25,109.0,0.5,436,2,54,5,n407-1,54.0,55.994793
54.5,0.625,109.0,1.25,436,5,81,1,n396-1,54.0,55.994793
54.75,0.25,109.5,0.5,438,2,51,5,n408-1,54.0,55.994793
55.0,0.5,110.0,1.0,440,4,47,5,n409-1,55.0,57.239582
55.125,0.125,110.25,0.25,441,1,79,1,n398-1,55.0,57.239582
55.25,0.125,110.5,0.25,442,1,78,1,n399-1,55.0,57.239582
55.375,0.125,110.75,0.25,443,1,76,1,n400-1,55.0,57.239582
55.5,0.125,111.0,0.25,444,1,75,1,n401-1,55.0,57.239582
55.625,0.125,111.25,0.25,445,1,73,1,n402-1,55.0,57.239582
55.75,0.125,111.5,0.25,446,1,71,1,n403-1,55.0,57.239582
55.875,0.125,111.75,0.25,447,1,69,1,n404-1,55.0,57.239582
56.0,0.25,112.0,0.5,448,2,67,1,n411-1,56.0,58.234375
56.25,0.25,112.5,0.5,450,2,71,1,n412-1,56.0,58.234375
56.5,0.5,113.0,1.0,452,4,55,5,n420-1,56.0,58.234375
56.5,0.25,113.0,0.5,452,2,64,1,n413-1,56.0,58.234375
56.75,0.25,113.5,0.5,454,2,66,1,n414-1,56.0,58.234375
57.0,0.5,114.0,1.0,456,4,52,5,n421-1,57.0,59.3125
57.0,0.25,114.0,0.5,456,2,67,1,n415-1,57.0,59.3125
57.25,0.25,114.5,0.5,458,2,71,1,n416-1,57.0,59.3125
57.5,0.5,115.0,1.0,460,4,47,5,n422-1,57.0,59.3125
57.5,0.25,115.0,0.5,460,2,64,1,n417-1,57.0,59.3125
57.75,0.25,115.5,0.5,462,2,67,1,n418-1,57.0,59.3125
58.0,0.25,116.0,0.5,464,2,66,1,n423-1,58.0,60.339844
58.25,0.25,116.5,0.5,466,2,71,1,n424-1,58.0,60.339844
58.5,0.5,117.0,1.0,468,4,57,5,n434-1,58.0,60.339844
58.5,0.125,117.0,0.25,468,1,72,1,n425-1,58.0,60.339844
58.625,0.125,117.25,0.25,469,1,71,1,n426-1,58.0,60.339844
58.75,0.125,117.5,0.25,470,1,70,1,n427-1,58.0,60.339844
58.875,0.125,117.75,0.25,471,1,71,1,n428-1,58.0,60.339844
59.0,0.5,118.0,1.0,472,4,54,5,n435-1,59.0,61.292316
59.0,0.25,118.0,0.5,472,2,75,1,n429-1,59.0,61.292316
59.25,0.25,118.5,0.5,474,2,71,1,n430-1,59.0,61.292316
59.5,0.5,119.0,1.0,476,4,47,5,n436-1,59.0,61.292316
59.5,0.25,119.0,0.5,476,2,78,1,n431-1,59.0,61.292316
59.75,0.25,119.5,0.5,478,2,69,1,n432-1,59.0,61.292316
60.0,0.25,120.0,0.5,480,2,67,1,n437-1,60.0,62.341145
60.25,0.25,120.5,0.5,482,2,71,1,n438-1,60.0,62.341145
60.5,0.75,121.0,1.5,484,6,59,5,n446-1,60.0,62.341145
60.5,0.25,121.0,0.5,484,2,64,1,n439-1,60.0,62.341145
60.75,0.25,121.5,0.5,486,2,66,1,n440-1,60.0,62.341145
61.0,0.25,122.0,0.5,488,2,67,1,n441-1,61.0,63.234375
61.25,0.125,122.5,0.25,490,1,57,5,n448-1,61.0,63.234375
61.25,0.25,122.5,0.5,490,2,71,1,n442-1,61.0,63.234375
61.375,0.125,122.75,0.25,491,1,55,5,n449-1,61.0,63.234375
61.5,0.125,123.0,0.25,492,1,57,5,n450-1,61.0,63.234375
61.5,0.25,123.0,0.5,492,2,64,1,n443-1,61.0,63.234375
61.625,0.125,123.25,0.25,493,1,55,5,n451-1,61.0,63.234375
61.75,0.125,123.5,0.25,494,1,54,5,n452-1,61.0,63.234375
61.75,0.25,123.5,0.5,494,2,67,1,n444-1,61.0,63.234375
61.875,0.125,123.75,0.25,495,1,52,5,n453-1,61.0,63.234375
62.0,0.5,124.0,1.0,496,4,52,5,n460-1,62.0,64.35658
62.0,0.25,124.0,0.5,496,2,66,1,n454-1,62.0,64.35658
62.25,0.25,124.5,0.5,498,2,71,1,n455-1,62.0,64.35658
62.5,0.5,125.0,1.0,500,4,51,5,n461-1,62.0,64.35658
62.5,0.25,125.0,0.5,500,2,66,1,n456-1,62.0,64.35658
62.75,0.25,125.5,0.5,502,2,63,1,n457-1,62.0,64.35658
63.0,0.5,126.0,1.0,504,4,59,1,n458-1,63.0,65.33594
63.25,0.125,126.5,0.25,506,1,57,5,n463-1,63.0,65.33594
63.375,0.125,126.75,0.25,507,1,55,5,n464-1,63.0,65.33594
63.5,0.125,127.0,0.25,508,1,54,5,n465-1,63.0,65.33594
63.5,0.5,127.0,1.0,508,4,75,1,n459-1,63.0,65.33594
63.625,0.125,127.25,0.25,509,1,55,5,n466-1,63.0,65.33594
63.75,0.25,127.5,0.5,510,2,57,5,n467-1,63.0,65.33594
64.0,0.25,128.0,0.5,512,2,55,5,n476-1,64.0,66.34766
64.0,0.5,128.0,1.0,512,4,76,1,n468-1,64.0,66.34766
64.25,0.125,128.5,0.25,514,1,64,5,n477-1,64.0,66.34766
64.375,0.125,128.75,0.25,515,1,66,5,n478-1,64.0,66.34766
64.5,0.125,129.0,0.25,516,1,67,5,n479-1,64.0,66.34766
64.5,0.5,129.0,1.0,516,4,71,1,n469-1,64.0,66.34766
64.625,0.125,129.25,0.25,517,1,66,5,n480-1,64.0,66.34766
64.75,0.5,129.5,1.0,518,4,64,5,n481-1,64.0,66.34766
65.0,0.125,130.0,0.25,520,1,79,1,n470-1,65.0,67.32682
65.125,0.125,130.25,0.25,521,1,78,1,n471-1,65.0,67.32682
65.25,0.5,130.5,1.0,522,4,71,5,n483-1,65.0,67.32682
65.25,0.125,130.5,0.25,522,1,76,1,n472-1,65.0,67.32682
65.375,0.125,130.75,0.25,523,1,78,1,n473-1,65.0,67.32682
65.5,0.25,131.0,0.5,524,2,79,1,n474-1,65.0,67.32682
65.75,0.5,131.5,1.0,526,4,62,5,n484-1,65.0,67.32682
65.75,0.25,131.5,0.5,526,2,71,1,n475-1,65.0,67.32682
66.0,0.25,132.0,0.5,528,2,69,1,n485-1,66.0,68.33594
66.25,0.125,132.5,0.25,530,1,64,5,n494-1,66.0,68.33594
66.25,0.25,132.5,0.5,530,2,68,1,n486-1,66.0,68.33594
66.375,0.125,132.75,0.25,531,1,62,5,n495-1,66.0,68.33594
66.5,0.125,133.0,0.25,532,1,61,5,n496-1,66.0,68.33594
66.5,0.25,133.0,0.5,532,2,69,1,n487-1,66.0,68.33594
66.625,0.125,133.25,0.25,533,1,62,5,n497-1,66.0,68.33594
66.75,0.5,133.5,1.0,534,4,64,5,n498-1,66.0,68.33594
66.75,0.25,133.5,0.5,534,2,73,1,n488-1,66.0,68.33594
67.0,0.25,134.0,0.5,536,2,73,1,n489-1,67.0,69.43359
67.25,0.5,134.5,1.0,538,4,55,5,n500-1,67.0,69.43359
67.25,0.25,134.5,0.5,538,2,76,1,n490-1,67.0,69.43359
67.5,0.25,135.0,0.5,540,2,81,1,n491-1,67.0,69.43359
67.75,0.25,135.5,0.5,542,2,64,5,n501-1,67.0,69.43359
67.75,0.25,135.5,0.5,542,2,73,1,n492-1,67.0,69.43359
68.0,0.25,136.0,0.5,544,2,54,5,n510-1,68.0,70.49088
68.0,0.5,136.0,1.0,544,4,74,1,n502-1,68.0,70.49088
68.25,0.125,136.5,0.25,546,1,62,5,n511-1,68.0,70.49088
68.375,0.125,136.75,0.25,547,1,64,5,n512-1,68.0,70.49088
68.5,0.125,137.0,0.25,548,1,66,5,n513-1,68.0,70.49088
68.5,0.5,137.0,1.0,548,4,69,1,n503-1,68.0,70.49088
68.625,0.125,137.25,0.25,549,1,64,5,n514-1,68.0,70.49088
68.75,0.5,137.5,1.0,550,4,62,5,n515-1,68.0,70.49088
69.0,0.125,138.0,0.25,552,1,78,1,n504-1,69.0,71.42057
69.125,0.125,138.25,0.25,553,1,76,1,n505-1,69.0,71.42057
69.25,0.5,138.5,1.0,554,4,69,5,n517-1,69.0,71.42057
69.25,0.125,138.5,0.25,554,1,74,1,n506-1,69.0,71.42057
69.375,0.125,138.75,0.25,555,1,76,1,n507-1,69.0,71.42057
69.5,0.25,139.0,0.5,556,2,78,1,n508-1,69.0,71.42057
69.75,0.5,139.5,1.0,558,4,60,5,n518-1,69.0,71.42057
69.75,0.25,139.5,0.5,558,2,69,1,n509-1,69.0,71.42057
70.0,0.25,140.0,0.5,560,2,67,1,n519-1,70.0,72.438805
70.25,0.125,140.5,0.25,562,1,62,5,n528-1,70.0,72.438805
70.25,0.25,140.5,0.5,562,2,66,1,n520-1,70.0,72.438805
70.375,0.125,140.75,0.25,563,1,60,5,n529-1,70.0,72.438805
70.5,0.125,141.0,0.25,564,1,59,5,n530-1,70.0,72.438805
70.5,0.25,141.0,0.5,564,2,67,1,n521-1,70.0,72.438805
70.625,0.125,141.25,0.25,565,1,60,5,n531-1,70.0,72.438805
70.75,0.5,141.5,1.0,566,4,62,5,n532-1,70.0,72.438805
70.75,0.25,141.5,0.5,566,2,71,1,n522-1,70.0,72.438805
71.0,0.25,142.0,0.5,568,2,71,1,n523-1,71.0,73.53516
71.25,0.5,142.5,1.0,570,4,54,5,n534-1,71.0,73.53516
71.25,0.25,142.5,0.5,570,2,74,1,n524-1,71.0,73.53516
71.5,0.25,143.0,0.5,572,2,79,1,n525-1,71.0,73.53516
71.75,0.25,143.5,0.5,574,2,62,5,n535-1,71.0,73.53516
71.75,0.25,143.5,0.5,574,2,71,1,n526-1,71.0,73.53516
72.0,0.5,144.0,1.0,576,4,52,5,n542-1,72.0,74.60287
72.0,0.25,144.0,0.5,576,2,73,1,n536-1,72.0,74.60287
72.25,0.5,144.5,1.0,578,4,79,1,n537-1,72.0,74.60287
72.5,0.5,145.0,1.0,580,4,50,5,n543-1,72.0,74.60287
72.75,0.25,145.5,0.5,582,2,78,1,n538-1,72.0,74.60287
73.0,0.5,146.0,1.0,584,4,49,5,n544-1,73.0,75.64713
73.0,0.25,146.0,0.5,584,2,70,1,n539-1,73.0,75.64713
73.25,0.5,146.5,1.0,586,4,76,1,n540-1,73.0,75.64713
73.5,0.75,147.0,1.5,588,6,47,5,n545-1,73.0,75.64713
73.75,0.25,147.5,0.5,590,2,74,1,n541-1,73.0,75.64713
74.0,0.5,148.0,1.0,592,4,65,1,n546-1,74.0,76.70443
74.25,0.5,148.5,1.0,594,4,62,5,n551-1,74.0,76.70443
74.5,0.5,149.0,1.0,596,4,66,1,n547-1,74.0,76.70443
74.75,0.25,149.5,0.5,598,2,61,5,n552-1,74.0,76.70443
75.0,0.25,150.0,0.5,600,2,53,5,n553-1,75.0,77.76693
75.0,0.5,150.0,1.0,600,4,68,1,n548-1,75.0,77.76693
75.25,0.5,150.5,1.0,602,4,59,5,n554-1,75.0,77.76693
75.5,0.5,151.0,1.0,604,4,69,1,n549-1,75.0,77.76693
75.75,0.25,151.5,0.5,606,2,57,5,n555-1,75.0,77.76693
76.0,0.25,152.0,0.5,608,2,50,5,n561-1,76.0,78.817055
76.0,0.5,152.0,1.0,608,4,71,1,n556-1,76.0,78.817055
76.25,0.5,152.5,1.0,610,4,56,5,n562-1,76.0,78.817055
76.5,0.5,153.0,1.0,612,4,73,1,n557-1,76.0,78.817055
76.75,0.25,153.5,0.5,614,2,54,5,n563-1,76.0,78.817055
77.0,0.5,154.0,1.0,616,4,47,5,n564-1,77.0,79.85221
77.0,0.25,154.0,0.5,616,2,74,1,n558-1,77.0,79.85221
77.25,0.5,154.5,1.0,618,4,65,1,n559-1,77.0,79.85221
77.5,0.5,155.0,1.0,620,4,59,5,n565-1,77.0,79.85221
77.75,0.25,155.5,0.5,622,2,66,1,n560-1,77.0,79.85221
78.0,0.5,156.0,1.0,624,4,53,5,n571-1,78.0,80.90625
78.0,0.25,156.0,0.5,624,2,68,1,n566-1,78.0,80.90625
78.25,0.5,156.5,1.0,626,4,59,1,n567-1,78.0,80.90625
78.5,0.5,157.0,1.0,628,4,56,5,n572-1,78.0,80.90625
78.75,0.5,157.5,1.0,630,4,62,1,n568-1,78.0,80.90625
79.0,0.5,158.0,1.0,632,4,49,5,n573-1,79.0,81.95182
79.25,0.5,158.5,1.0,634,4,61,1,n569-1,79.0,81.95182
79.5,0.5,159.0,1.0,636,4,53,5,n574-1,79.0,81.95182
79.75,0.25,159.5,0.5,638,2,59,1,n570-1,79.0,81.95182
80.0,0.5,160.0,1.0,640,4,42,5,n583-1,80.0,83.25586
80.0,0.25,160.0,0.5,640,2,57,1,n575-1,80.0,83.25586
80.25,0.25,160.5,0.5,642,2,61,1,n576-1,80.0,83.25586
80.5,0.5,161.0,1.0,644,4,45,5,n584-1,80.0,83.25586
80.5,0.25,161.0,0.5,644,2,54,1,n577-1,80.0,83.25586
80.75,0.25,161.5,0.5,646,2,56,1,n578-1,80.0,83.25586
81.0,0.625,162.0,1.25,648,5,49,5,n585-1,81.0,84.28646
81.0,0.25,162.0,0.5,648,2,57,1,n579-1,81.0,84.28646
81.25,0.25,162.5,0.5,650,2,61,1,n580-1,81.0,84.28646
81.5,0.25,163.0,0.5,652,2,54,1,n581-1,81.0,84.28646
81.625,0.125,163.25,0.25,653,1,50,5,n587-1,81.0,84.28646
81.75,0.125,163.5,0.25,654,1,49,5,n588-1,81.0,84.28646
81.75,0.25,163.5,0.5,654,2,57,1,n582-1,81.0,84.28646
81.875,0.125,163.75,0.25,655,1,48,5,n589-1,81.0,84.28646
82.0,0.5,164.0,1.0,656,4,49,5,n600-1,82.0,85.29232
82.0,0.25,164.0,0.5,656,2,56,1,n590-1,82.0,85.29232
82.25,0.25,164.5,0.5,658,2,61,1,n591-1,82.0,85.29232
82.5,0.5,165.0,1.0,660,4,41,5,n601-1,82.0,85.29232
82.5,0.125,165.0,0.25,660,1,62,1,n592-1,82.0,85.29232
82.625,0.125,165.25,0.25,661,1,61,1,n593-1,82.0,85.29232
82.75,0.125,165.5,0.25,662,1,60,1,n594-1,82.0,85.29232
82.875,0.125,165.75,0.25,663,1,61,1,n595-1,82.0,85.29232
83.0,0.5,166.0,1.0,664,4,44,5,n602-1,83.0,86.28906
83.0,0.25,166.0,0.5,664,2,65,1,n596-1,83.0,86.28906
83.25,0.25,166.5,0.5,666,2,61,1,n597-1,83.0,86.28906
83.5,0.5,167.0,1.0,668,4,49,5,n603-1,83.0,86.28906
83.5,0.25,167.0,0.5,668,2,68,1,n598-1,83.0,86.28906
83.75,0.25,167.5,0.5,670,2,59,1,n599-1,83.0,86.28906
84.0,0.25,168.0,0.5,672,2,42,5,n608-1,84.0,87.32552
84.0,0.5,168.0,1.0,672,4,57,1,n604-1,84.0,87.32552
84.25,0.25,168.5,0.5,674,2,49,5,n609-1,84.0,87.32552
84.5,0.25,169.0,0.5,676,2,54,5,n610-1,84.0,87.32552
84.5,0.5,169.0,1.0,676,4,61,1,n605-1,84.0,87.32552
84.75,0.25,169.5,0.5,678,2,56,5,n611-1,84.0,87.32552
85.0,0.25,170.0,0.5,680,2,57,5,n612-1,85.0,88.32748
85.0,0.5,170.0,1.0,680,4,66,1,n606-1,85.0,88.32748
85.25,0.25,170.5,0.5,682,2,61,5,n613-1,85.0,88.32748
85.5,0.25,171.0,0.5,684,2,54,5,n614-1,85.0,88.32748
85.5,0.5,171.0,1.0,684,4,69,1,n607-1,85.0,88.32748
85.75,0.25,171.5,0.5,686,2,57,5,n615-1,85.0,88.32748
86.0,0.25,172.0,0.5,688,2,56,5,n620-1,86.0,89.359375
86.0,0.5,172.0,1.0,688,4,65,1,n616-1,86.0,89.359375
86.25,0.25,172.5,0.5,690,2,61,5,n621-1,86.0,89.359375
86.5,0.125,173.0,0.25,692,1,62,5,n622-1,86.0,89.359375
86.5,0.5,173.0,1.0,692,4,68,1,n617-1,86.0,89.359375
86.625,0.125,173.25,0.25,693,1,61,5,n623-1,86.0,89.359375
86.75,0.125,173.5,0.25,694,1,60,5,n624-1,86.0,89.359375
86.875,0.125,173.75,0.25,695,1,61,5,n625-1,86.0,89.359375
87.0,0.25,174.0,0.5,696,2,65,5,n626-1,87.0,90.33854
87.0,0.5,174.0,1.0,696,4,71,1,n618-1,87.0,90.33854
87.25,0.25,174.5,0.5,698,2,61,5,n627-1,87.0,90.33854
87.5,0.25,175.0,0.5,700,2,68,5,n628-1,87.0,90.33854
87.5,0.5,175.0,1.0,700,4,74,1,n619-1,87.0,90.33854
87.75,0.25,175.5,0.5,702,2,59,5,n629-1,87.0,90.33854
88.0,0.5,176.0,1.0,704,4,57,5,n639-1,88.0,91.36719
88.0,0.25,176.0,0.5,704,2,73,1,n630-1,88.0,91.36719
88.25,0.125,176.5,0.25,706,1,66,1,n631-1,88.0,91.36719
88.375,0.125,176.75,0.25,707,1,68,1,n632-1,88.0,91.36719
88.5,0.5,177.0,1.0,708,4,54,5,n640-1,88.0,91.36719
88.5,0.125,177.0,0.25,708,1,69,1,n633-1,88.0,91.36719
88.625,0.125,177.25,0.25,709,1,68,1,n634-1,88.0,91.36719
88.75,0.5,177.5,1.0,710,4,66,1,n635-1,88.0,91.36719
89.0,0.5,178.0,1.0,712,4,56,5,n641-1,89.0,92.34375
89.25,0.5,178.5,1.0,714,4,73,1,n637-1,89.0,92.34375
89.5,0.5,179.0,1.0,716,4,58,5,n642-1,89.0,92.34375
89.75,0.5,179.5,1.0,718,4,64,1,n638-1,89.0,92.34375
90.0,0.5,180.0,1.0,720,4,59,5,n652-1,90.0,93.38412
90.25,0.125,180.5,0.25,722,1,66,1,n644-1,90.0,93.38412
90.375,0.125,180.75,0.25,723,1,64,1,n645-1,90.0,93.38412
90.5,0.5,181.0,1.0,724,4,47,5,n653-1,90.0,93.38412
90.5,0.125,181.0,0.25,724,1,62,1,n646-1,90.0,93.38412
90.625,0.125,181.25,0.25,725,1,64,1,n647-1,90.0,93.38412
90.75,0.5,181.5,1.0,726,4,66,1,n648-1,90.0,93.38412
91.0,0.5,182.0,1.0,728,4,49,5,n654-1,91.0,94.38151
91.25,0.5,182.5,1.0,730,4,57,1,n650-1,91.0,94.38151
91.5,0.5,183.0,1.0,732,4,51,5,n655-1,91.0,94.38151
91.75,0.25,183.5,0.5,734,2,66,1,n651-1,91.0,94.38151
92.0,0.5,184.0,1.0,736,4,40,5,n665-1,92.0,95.461586
92.0,0.25,184.0,0.5,736,2,55,1,n656-1,92.0,95.461586
92.25,0.125,184.5,0.25,738,1,64,1,n657-1,92.0,95.461586
92.375,0.125,184.75,0.25,739,1,66,1,n658-1,92.0,95.461586
92.5,0.5,185.0,1.0,740,4,52,5,n666-1,92.0,95.461586
92.5,0.125,185.0,0.25,740,1,67,1,n659-1,92.0,95.461586
92.625,0.125,185.25,0.25,741,1,66,1,n660-1,92.0,95.461586
92.75,0.5,185.5,1.0,742,4,64,1,n661-1,92.0,95.461586
93.0,0.5,186.0,1.0,744,4,54,5,n667-1,93.0,96.41927
93.25,0.5,186.5,1.0,746,4,71,1,n663-1,93.0,96.41927
93.5,0.5,187.0,1.0,748,4,55,5,n668-1,93.0,96.41927
93.75,0.5,187.5,1.0,750,4,62,1,n664-1,93.0,96.41927
94.0,0.5,188.0,1.0,752,4,57,5,n678-1,94.0,97.48177
94.25,0.125,188.5,0.25,754,1,64,1,n670-1,94.0,97.48177
94.375,0.125,188.75,0.25,755,1,62,1,n671-1,94.0,97.48177
94.5,0.5,189.0,1.0,756,4,45,5,n679-1,94.0,97.48177
94.5,0.125,189.0,0.25,756,1,61,1,n672-1,94.0,97.48177
94.625,0.125,189.25,0.25,757,1,62,1,n673-1,94.0,97.48177
94.75,0.5,189.5,1.0,758,4,64,1,n674-1,94.0,97.48177
95.0,0.5,190.0,1.0,760,4,47,5,n680-1,95.0,98.46094
95.25,0.5,190.5,1.0,762,4,55,1,n676-1,95.0,98.46094
95.5,0.5,191.0,1.0,764,4,49,5,n681-1,95.0,98.46094
95.75,0.25,191.5,0.5,766,2,64,1,n677-1,95.0,98.46094
96.0,0.5,192.0,1.0,768,4,38,5,n692-1,96.0,99.55469
96.0,0.25,192.0,0.5,768,2,54,1,n682-1,96.0,99.55469
96.25,0.5,192.5,1.0,770,4,61,1,n683-1,96.0,99.55469
96.5,0.5,193.0,1.0,772,4,42,5,n693-1,96.0,99.55469
96.75,0.5,193.5,1.0,774,4,64,1,n684-1,96.0,99.55469
97.0,0.5,194.0,1.0,776,4,45,5,n694-1,97.0,100.58724
97.25,0.125,194.5,0.25,778,1,62,1,n686-1,97.0,100.58724
97.375,0.125,194.75,0.25,779,1,61,1,n687-1,97.0,100.58724
97.5,0.5,195.0,1.0,780,4,50,5,n695-1,97.0,100.58724
97.5,0.125,195.0,0.25,780,1,62,1,n688-1,97.0,100.58724
97.625,0.125,195.25,0.25,781,1,61,1,n689-1,97.0,100.58724
97.75,0.125,195.5,0.25,782,1,59,1,n690-1,97.0,100.58724
97.875,0.125,195.75,0.25,783,1,58,1,n691-1,97.0,100.58724
98.0,0.5,196.0,1.0,784,4,43,5,n706-1,98.0,101.55013
98.0,0.25,196.0,0.5,784,2,59,1,n696-1,98.0,101.55013
98.25,0.5,196.5,1.0,786,4,66,1,n697-1,98.0,101.55013
98.5,0.5,197.0,1.0,788,4,47,5,n707-1,98.0,101.55013
98.75,0.5,197.5,1.0,790,4,69,1,n698-1,98.0,101.55013
99.0,0.5,198.0,1.0,792,4,50,5,n708-1,99.0,102.56901
99.25,0.125,198.5,0.25,794,1,67,1,n700-1,99.0,102.56901
99.375,0.125,198.75,0.25,795,1,66,1,n701-1,99.0,102.56901
99.5,0.5,199.0,1.0,796,4,55,5,n709-1,99.0,102.56901
99.5,0.125,199.0,0.25,796,1,67,1,n702-1,99.0,102.56901
99.625,0.125,199.25,0.25,797,1,66,1,n703-1,99.0,102.56901
99.75,0.125,199.5,0.25,798,1,64,1,n704-1,99.0,102.56901
99.875,0.125,199.75,0.25,799,1,62,1,n705-1,99.0,102.56901
100.0,0.5,200.0,1.0,800,4,49,5,n720-1,100.0,103.52474
100.0,0.25,200.0,0.5,800,2,64,1,n710-1,100.0,103.52474
100.25,0.5,200.5,1.0,802,4,71,1,n711-1,100.0,103.52474
100.5,0.5,201.0,1.0,804,4,52,5,n721-1,100.0,103.52474
100.75,0.5,201.5,1.0,806,4,74,1,n712-1,100.0,103.52474
101.0,0.5,202.0,1.0,808,4,55,5,n722-1,101.0,104.53906
101.25,0.125,202.5,0.25,810,1,73,1,n714-1,101.0,104.53906
101.375,0.125,202.75,0.25,811,1,71,1,n715-1,101.0,104.53906
101.5,0.5,203.0,1.0,812,4,61,5,n723-1,101.0,104.53906
101.5,0.125,203.0,0.25,812,1,73,1,n716-1,101.0,104.53906
101.625,0.125,203.25,0.25,813,1,71,1,n717-1,101.0,104.53906
101.75,0.125,203.5,0.25,814,1,70,1,n718-1,101.0,104.53906
101.875,0.125,203.75,0.25,815,1,68,1,n719-1,101.0,104.53906
102.0,0.5,204.0,1.0,816,4,54,5,n734-1,102.0,105.49935
102.0,0.25,204.0,0.5,816,2,70,1,n724-1,102.0,105.49935
102.25,0.5,204.5,1.0,818,4,76,1,n725-1,102.0,105.49935
102.5,0.5,205.0,1.0,820,4,58,5,n735-1,102.0,105.49935
102.75,0.5,205.5,1.0,822,4,79,1,n726-1,102.0,105.49935
103.0,0.5,206.0,1.0,824,4,61,5,n736-1,103.0,106.54557
103.25,0.125,206.5,0.25,826,1,78,1,n728-1,103.0,106.54557
103.375,0.125,206.75,0.25,827,1,76,1,n729-1,103.0,106.54557
103.5,0.5,207.0,1.0,828,4,66,5,n737-1,103.0,106.54557
103.5,0.125,207.0,0.25,828,1,78,1,n730-1,103.0,106.54557
103.625,0.125,207.25,0.25,829,1,76,1,n731-1,103.0,106.54557
103.75,0.125,207.5,0.25,830,1,74,1,n732-1,103.0,106.54557
103.875,0.125,207.75,0.25,831,1,73,1,n733-1,103.0,106.54557
104.0,0.5,208.0,1.0,832,4,59,5,n747-1,104.0,107.50521
104.0,0.25,208.0,0.5,832,2,74,1,n738-1,104.0,107.50521
104.25,0.5,208.5,1.0,834,4,70,1,n739-1,104.0,107.50521
104.5,0.5,209.0,1.0,836,4,67,5,n748-1,104.0,107.50521
104.75,0.25,209.5,0.5,838,2,71,1,n740-1,104.0,107.50521
105.0,0.25,210.0,0.5,840,2,57,5,n749-1,105.0,108.48828
105.0,0.25,210.0,0.5,840,2,73,1,n741-1,105.0,108.48828
105.25,0.25,210.5,0.5,842,2,67,5,n750-1,105.0,108.48828
105.25,0.25,210.5,0.5,842,2,75,1,n742-1,105.0,108.48828
105.5,0.25,211.0,0.5,844,2,66,5,n751-1,105.0,108.48828
105.5,0.125,211.0,0.25,844,1,76,1,n743-1,105.0,108.48828
105.625,0.125,211.25,0.25,845,1,75,1,n744-1,105.0,108.48828
105.75,0.25,211.5,0.5,846,2,57,5,n752-1,105.0,108.48828
105.75,0.125,211.5,0.25,846,1,73,1,n745-1,105.0,108.48828
105.875,0.125,211.75,0.25,847,1,75,1,n746-1,105.0,108.48828
106.0,0.5,212.0,1.0,848,4,55,5,n759-1,106.0,109.473305
106.0,0.25,212.0,0.5,848,2,76,1,n753-1,106.0,109.473305
106.25,0.5,212.5,1.0,850,4,70,1,n754-1,106.0,109.473305
106.5,0.5,213.0,1.0,852,4,64,5,n760-1,106.0,109.473305
106.75,0.25,213.5,0.5,854,2,71,1,n755-1,106.0,109.473305
107.0,0.25,214.0,0.5,856,2,54,5,n761-1,107.0,110.48698
107.0,0.25,214.0,0.5,856,2,74,1,n756-1,107.0,110.48698
107.25,0.25,214.5,0.5,858,2,64,5,n762-1,107.0,110.48698
107.25,0.5,214.5,1.0,858,4,70,1,n757-1,107.0,110.48698
107.5,0.25,215.0,0.5,860,2,62,5,n763-1,107.0,110.48698
107.75,0.25,215.5,0.5,862,2,54,5,n764-1,107.0,110.48698
107.75,0.25,215.5,0.5,862,2,71,1,n758-1,107.0,110.48698
108.0,0.25,216.0,0.5,864,2,52,5,n775-1,108.0,111.47721
108.0,0.125,216.0,0.25,864,1,79,1,n765-1,108.0,111.47721
108.125,0.125,216.25,0.25,865,1,78,1,n766-1,108.0,111.47721
108.25,0.25,216.5,0.5,866,2,62,5,n776-1,108.0,111.47721
108.25,0.5,216.5,1.0,866,4,76,1,n767-1,108.0,111.47721
108.5,0.25,217.0,0.5,868,2,60,5,n777-1,108.0,111.47721
108.75,0.25,217.5,0.5,870,2,52,5,n778-1,108.0,111.47721
108.75,0.375,217.5,0.75,870,3,76,1,n768-1,108.0,111.47721
109.0,0.25,218.0,0.5,872,2,50,5,n779-1,109.0,112.489586
109.125,0.125,218.25,0.25,873,1,78,1,n770-1,109.0,112.489586
109.25,0.25,218.5,0.5,874,2,60,5,n780-1,109.0,112.489586
109.25,0.125,218.5,0.25,874,1,76,1,n771-1,109.0,112.489586
109.375,0.125,218.75,0.25,875,1,75,1,n772-1,109.0,112.489586
109.5,0.25,219.0,0.5,876,2,59,5,n781-1,109.0,112.489586
109.5,0.25,219.0,0.5,876,2,76,1,n773-1,109.0,112.489586
109.75,0.25,219.5,0.5,878,2,50,5,n782-1,109.0,112.489586
109.75,0.375,219.5,0.75,878,3,76,1,n774-1,109.0,112.489586
110.0,0.25,220.0,0.5,880,2,49,5,n794-1,110.0,113.53125
110.125,0.125,220.25,0.25,881,1,69,1,n784-1,110.0,113.53125
110.25,0.25,220.5,0.5,882,2,59,5,n795-1,110.0,113.53125
110.25,0.125,220.5,0.25,882,1,67,1,n785-1,110.0,113.53125
110.375,0.125,220.75,0.25,883,1,66,1,n786-1,110.0,113.53125
110.5,0.25,221.0,0.5,884,2,58,5,n796-1,110.0,113.53125
110.5,0.25,221.0,0.5,884,2,67,1,n787-1,110.0,113.53125
110.75,0.25,221.5,0.5,886,2,49,5,n797-1,110.0,113.53125
110.75,0.5,221.5,1.0,886,4,76,1,n788-1,110.0,113.53125
111.0,0.25,222.0,0.5,888,2,47,5,n798-1,111.0,114.67838
111.25,0.25,222.5,0.5,890,2,58,5,n799-1,111.0,114.67838
111.25,0.5,222.5,1.0,890,4,64,2,n792-1,111.0,114.67838
111.25,0.5,222.5,1.0,890,4,67,1,n790-1,111.0,114.67838
111.5,0.25,223.0,0.5,892,2,59,5,n800-1,111.0,114.67838
111.75,0.25,223.5,0.5,894,2,47,5,n801-1,111.0,114.67838
111.75,1.25,223.5,2.5,894,10,64,2,n793-1,111.0,114.67838
111.75,0.5,223.5,1.0,894,4,67,1,n791-1,111.0,114.67838
112.0,1.0,224.0,2.0,896,8,46,5,n813-1,112.0,116.05338
112.25,0.125,224.5,0.25,898,1,66,1,n803-1,112.0,116.05338
112.375,0.125,224.75,0.25,899,1,74,1,n804-1,112.0,116.05338
112.5,0.5,225.0,1.0,900,4,73,1,n806-1,112.0,116.05338
112.5,0.0,225.0,0.0,900,0,74,1,n805-1,112.0,116.05338
113.25,0.125,226.5,0.25,906,1,64,1,n807-1,113.0,119.95552
113.375,0.125,226.75,0.25,907,1,66,1,n808-1,113.0,119.95552
113.5,0.5,227.0,1.0,908,4,58,5,n815-1,113.0,119.95552
113.5,0.125,227.0,0.25,908,1,67,1,n809-1,113.0,119.95552
113.625,0.125,227.25,0.25,909,1,66,1,n810-1,113.0,119.95552
113.75,0.25,227.5,0.5,910,2,64,1,n811-1,113.0,119.95552
114.0,0.5,228.0,1.0,912,4,59,5,n824-1,114.0,122.02539
114.0,0.25,228.0,0.5,912,2,62,1,n816-1,114.0,122.02539
114.25,0.25,228.5,0.5,914,2,66,1,n817-1,114.0,122.02539
114.5,0.5,229.0,1.0,916,4,55,5,n825-1,114.0,122.02539
114.5,0.25,229.0,0.5,916,2,70,1,n818-1,114.0,122.02539
114.75,0.25,229.5,0.5,918,2,71,1,n819-1,114.0,122.02539
115.0,0.5,230.0,1.0,920,4,52,5,n826-1,115.0,123.0625
115.0,0.25,230.0,0.5,920,2,74,1,n820-1,115.0,123.0625
115.25,0.25,230.5,0.5,922,2,73,1,n821-1,115.0,123.0625
115.5,0.5,231.0,1.0,924,4,54,5,n827-1,115.0,123.0625
115.5,0.25,231.0,0.5,924,2,71,1,n822-1,115.0,123.0625
115.75,0.25,231.5,0.5,926,2,70,1,n823-1,115.0,123.0625
116.0,0.25,232.0,0.5,928,2,50,5,n835-1,116.0,124.100914
116.0,0.5,232.0,1.0,928,4,71,1,n828-1,116.0,124.100914
116.25,0.25,232.5,0.5,930,2,54,5,n836-1,116.0,124.100914
116.5,0.25,233.0,0.5,932,2,47,5,n837-1,116.0,124.100914
116.5,0.5,233.0,1.0,932,4,66,1,n829-1,116.0,124.100914
116.75,0.25,233.5,0.5,934,2,49,5,n838-1,116.0,124.100914
117.0,0.25,234.0,0.5,936,2,50,5,n839-1,117.0,125.125
117.0,0.125,234.0,0.25,936,1,67,1,n830-1,117.0,125.125
117.125,0.125,234.25,0.25,937,1,66,1,n831-1,117.0,125.125
117.25,0.25,234.5,0.5,938,2,54,5,n840-1,117.0,125.125
117.25,0.125,234.5,0.25,938,1,65,1,n832-1,117.0,125.125
117.375,0.125,234.75,0.25,939,1,66,1,n833-1,117.0,125.125
117.5,0.25,235.0,0.5,940,2,47,5,n841-1,117.0,125.125
117.5,0.5,235.0,1.0,940,4,74,1,n834-1,117.0,125.125
117.75,0.25,235.5,0.5,942,2,50,5,n842-1,117.0,125.125
118.0,0.25,236.0,0.5,944,2,49,5,n850-1,118.0,126.18099
118.25,0.25,236.5,0.5,946,2,54,5,n851-1,118.0,126.18099
118.5,0.125,237.0,0.25,948,1,55,5,n852-1,118.0,126.18099
118.5,0.5,237.0,1.0,948,4,66,1,n844-1,118.0,126.18099
118.625,0.125,237.25,0.25,949,1,54,5,n853-1,118.0,126.18099
118.75,0.125,237.5,0.25,950,1,53,5,n854-1,118.0,126.18099
118.875,0.125,237.75,0.25,951,1,54,5,n855-1,118.0,126.18099
119.0,0.25,238.0,0.5,952,2,58,5,n856-1,119.0,127.151695
119.0,0.125,238.0,0.25,952,1,67,1,n845-1,119.0,127.151695
119.125,0.125,238.25,0.25,953,1,66,1,n846-1,119.0,127.151695
119.25,0.25,238.5,0.5,954,2,54,5,n857-1,119.0,127.151695
119.25,0.125,238.5,0.25,954,1,65,1,n847-1,119.0,127.151695
119.375,0.125,238.75,0.25,955,1,66,1,n848-1,119.0,127.151695
119.5,0.25,239.0,0.5,956,2,61,5,n858-1,119.0,127.151695
119.5,0.5,239.0,1.0,956,4,76,1,n849-1,119.0,127.151695
119.75,0.25,239.5,0.5,958,2,52,5,n859-1,119.0,127.151695
120.0,0.25,240.0,0.5,960,2,50,5,n868-1,120.0,128.18098
120.25,0.25,240.5,0.5,962,2,54,5,n869-1,120.0,128.18098
120.5,0.25,241.0,0.5,964,2,47,5,n870-1,120.0,128.18098
120.5,0.5,241.0,1.0,964,4,66,1,n861-1,120.0,128.18098
120.75,0.25,241.5,0.5,966,2,49,5,n871-1,120.0,128.18098
121.0,0.25,242.0,0.5,968,2,50,5,n872-1,121.0,129.21614
121.0,0.125,242.0,0.25,968,1,67,1,n862-1,121.0,129.21614
121.125,0.125,242.25,0.25,969,1,66,1,n863-1,121.0,129.21614
121.25,0.25,242.5,0.5,970,2,54,5,n873-1,121.0,129.21614
121.25,0.125,242.5,0.25,970,1,65,1,n864-1,121.0,129.21614
121.375,0.125,242.75,0.25,971,1,66,1,n865-1,121.0,129.21614
121.5,0.25,243.0,0.5,972,2,47,5,n874-1,121.0,129.21614
121.5,0.25,243.0,0.5,972,2,78,1,n866-1,121.0,129.21614
121.75,0.25,243.5,0.5,974,2,49,5,n875-1,121.0,129.21614
121.75,0.25,243.5,0.5,974,2,69,1,n867-1,121.0,129.21614
122.0,0.5,244.0,1.0,976,4,50,5,n886-1,122.0,130.33984
122.0,1.0,244.0,2.0,976,8,59,2,n884-1,122.0,130.33984
122.0,1.0,244.0,2.0,976,8,64,2,n885-1,122.0,130.33984
122.0,0.5,244.0,1.0,976,4,69,1,n876-1,122.0,130.33984
122.5,0.5,245.0,1.0,980,4,38,5,n887-1,122.0,130.33984
122.5,0.5,245.0,1.0,980,4,68,1,n877-1,122.0,130.33984
123.25,0.125,246.5,0.25,986,1,68,1,n878-1,123.0,131.72673
123.375,0.125,246.75,0.25,987,1,70,1,n879-1,123.0,131.72673
123.5,0.5,247.0,1.0,988,4,50,5,n889-1,123.0,131.72673
123.5,0.125,247.0,0.25,988,1,71,1,n880-1,123.0,131.72673
123.625,0.125,247.25,0.25,989,1,73,1,n881-1,123.0,131.72673
123.75,0.125,247.5,0.25,990,1,74,1,n882-1,123.0,131.72673
123.875,0.125,247.75,0.25,991,1,76,1,n883-1,123.0,131.72673
124.0,0.5,248.0,1.0,992,4,49,5,n899-1,124.0,133.1136
124.0,1.0,248.0,2.0,992,8,64,2,n897-1,124.0,133.1136
124.0,1.0,248.0,2.0,992,8,67,2,n898-1,124.0,133.1136
124.0,0.5,248.0,1.0,992,4,71,1,n890-1,124.0,133.1136
124.5,0.5,249.0,1.0,996,4,61,5,n900-1,124.0,133.1136
124.5,0.5,249.0,1.0,996,4,70,1,n891-1,124.0,133.1136
125.25,0.125,250.5,0.25,1002,1,61,5,n902-1,125.0,134.35004
125.25,0.125,250.5,0.25,1002,1,70,1,n892-1,125.0,134.35004
125.375,0.125,250.75,0.25,1003,1,62,5,n903-1,125.0,134.35004
125.375,0.125,250.75,0.25,1003,1,71,1,n893-1,125.0,134.35004
125.5,0.125,251.0,0.25,1004,1,64,5,n904-1,125.0,134.35004
125.5,0.125,251.0,0.25,1004,1,73,1,n894-1,125.0,134.35004
125.625,0.125,251.25,0.25,1005,1,62,5,n905-1,125.0,134.35004
125.625,0.125,251.25,0.25,1005,1,71,1,n895-1,125.0,134.35004
125.75,0.25,251.5,0.5,1006,2,61,5,n906-1,125.0,134.35004
125.75,0.25,251.5,0.5,1006,2,70,1,n896-1,125.0,134.35004
126.0,0.5,252.0,1.0,1008,4,59,6,n921-1,126.0,135.58646
126.0,0.5,252.0,1.0,1008,4,68,5,n914-1,126.0,135.58646
126.0,0.5,252.0,1.0,1008,4,71,2,n910-1,126.0,135.58646
126.0,0.5,252.0,1.0,1008,4,74,2,n911-1,126.0,135.58646
126.0,0.5,252.0,1.0,1008,4,77,1,n907-1,126.0,135.58646
126.5,0.5,253.0,1.0,1012,4,58,6,n922-1,126.0,135.58646
126.5,0.5,253.0,1.0,1012,4,61,5,n915-1,126.0,135.58646
126.5,0.5,253.0,1.0,1012,4,66,2,n912-1,126.0,135.58646
126.5,0.5,253.0,1.0,1012,4,73,2,n913-1,126.0,135.58646
126.5,0.5,253.0,1.0,1012,4,78,1,n908-1,126.0,135.58646
127.25,0.125,254.5,0.25,1018,1,54,5,n916-1,127.0,137.56732
127.375,0.125,254.75,0.25,1019,1,56,5,n917-1,127.0,137.56732
127.5,0.125,255.0,0.25,1020,1,58,5,n918-1,127.0,137.56732
127.625,0.125,255.25,0.25,1021,1,59,5,n919-1,127.0,137.56732
127.75,0.25,255.5,0.5,1022,2,61,5,n920-1,127.0,137.56732
128.0,0.5,256.0,1.0,1024,4,50,5,n933-1,128.0,139.54817
128.25,0.125,256.5,0.25,1026,1,71,1,n923-1,128.0,139.54817
128.375,0.125,256.75,0.25,1027,1,69,1,n924-1,128.0,139.54817
128.5,0.5,257.0,1.0,1028,4,52,5,n934-1,128.0,139.54817
128.5,0.125,257.0,0.25,1028,1,67,1,n925-1,128.0,139.54817
128.625,0.125,257.25,0.25,1029,1,66,1,n926-1,128.0,139.54817
128.75,0.25,257.5,0.5,1030,2,64,1,n927-1,128.0,139.54817
129.0,0.5,258.0,1.0,1032,4,54,5,n935-1,129.0,140.89062
129.0,0.5,258.0,1.0,1032,4,62,2,n930-1,129.0,140.89062
129.25,0.5,258.5,1.0,1034,4,71,1,n928-1,129.0,140.89062
129.5,0.5,259.0,1.0,1036,4,42,5,n936-1,129.0,140.89062
129.5,0.5,259.0,1.0,1036,4,61,2,n931-1,129.0,140.89062
129.5,0.5,259.0,1.0,1036,4,64,2,n932-1,129.0,140.89062
129.75,0.25,259.5,0.5,1038,2,70,1,n929-1,129.0,140.89062
130.0,2.0,260.0,4.0,1040,16,47,5,n941-1,130.0,143.88385
130.0,2.0,260.0,4.0,1040,16,59,1,n937-1,130.0,143.88385
130.0,2.0,260.0,4.0,1040,16,62,1,n938-1,130.0,143.88385
130.0,2.0,260.0,4.0,1040,16,66,1,n939-1,130.0,143.88385
130.0,2.0,260.0,4.0,1040,16,71,1,n940-1,130.0,143.88385
