onset_sec,duration_sec,pitch,velocity,track,channel,id,last_beat,last_beat_ref
0.5,1.8489584,51,53,1,0,n0,0.5,0.0
2.2791667,0.83020836,58,51,1,0,n1,1.389583,1.0
3.58125,0.43333334,56,46,1,0,n2,3.136458,3.0
3.99375,0.43541667,55,50,1,0,n3,3.99375,4.0
4.436458,0.8666667,60,53,1,0,n4,3.99375,4.0
5.278125,0.39583334,58,46,1,0,n5,4.848438,5.0
5.703125,0.24895833,56,47,1,0,n6,5.703125,6.0
6.1291666,0.14583333,56,49,1,0,n7,5.703125,6.0
6.289583,0.19270833,55,50,1,0,n8,5.703125,6.0
6.516667,0.409375,56,52,1,0,n9,6.516667,7.0
6.9020834,0.434375,60,55,1,0,n10,6.516667,7.0
7.325,0.490625,53,55,1,0,n11,7.325,8.0
7.81875,0.8364583,58,49,1,0,n12,7.325,8.0
8.6375,0.36979166,56,50,1,0,n13,8.179167,9.0
9.033334,0.26979166,55,44,1,0,n14,9.033333,10.0
9.478125,0.119791664,55,41,1,0,n15,9.033333,10.0
9.632292,0.21041666,53,41,1,0,n16,9.033333,10.0
9.866667,0.996875,55,42,1,0,n17,9.866667,11.0
10.259375,0.6041667,58,53,1,0,n18,9.866667,11.0
10.788542,0.22708334,51,36,1,0,n19,9.866667,11.0
10.796875,1.8802084,58,69,1,0,n20,10.792708,12.0
11.19375,0.15104167,51,36,1,0,n21,10.792708,12.0
11.36875,0.17291667,50,46,1,0,n22,10.792708,12.0
11.569792,0.871875,51,45,1,0,n23,11.569792,13.0
11.997916,0.5385417,55,38,1,0,n24,11.569792,13.0
12.480208,0.7375,63,66,1,0,n25,11.569792,13.0
12.4875,0.43958333,48,40,1,0,n26,12.483854,14.0
12.914583,0.196875,50,45,1,0,n27,12.483854,14.0
13.073958,0.225,51,52,1,0,n28,12.483854,14.0
13.296875,0.79791665,53,58,1,0,n29,13.296875,15.0
13.675,0.43125,63,67,1,0,n30,13.296875,15.0
14.115625,0.48333332,62,64,1,0,n31,13.296875,15.0
14.116667,0.865625,46,45,1,0,n32,14.116146,16.0
14.548959,0.79791665,67,66,1,0,n33,14.116146,16.0
14.971875,1.4947916,58,43,1,0,n34,14.971875,17.0
15.335417,0.40104166,65,57,1,0,n35,14.971875,17.0
15.761458,0.3,63,55,1,0,n36,15.761458,18.0
16.171875,0.18958333,63,56,1,0,n37,15.761458,18.0
16.322916,0.16979167,62,62,1,0,n38,15.761458,18.0
16.536459,0.47708333,63,61,1,0,n39,15.761458,18.0
16.546875,0.42708334,57,53,1,0,n40,16.541666,19.0
16.898958,0.41041666,55,52,1,0,n41,16.541666,19.0
16.9,0.465625,67,67,1,0,n42,16.541666,19.0
17.283333,0.6322917,57,52,1,0,n43,16.541666,19.0
17.304167,0.44375,60,67,1,0,n44,17.29375,20.0
17.676043,0.85625,65,64,1,0,n45,17.29375,20.0
17.947916,0.071875,58,44,1,0,n46,17.29375,20.0
18.027082,0.103125,57,57,1,0,n47,17.29375,20.0
18.114584,0.35104167,55,53,1,0,n48,18.114582,21.0
18.4875,0.41041666,63,56,1,0,n49,18.114582,21.0
18.505209,0.32916668,57,46,1,0,n50,18.114582,21.0
18.894793,0.31458333,62,53,1,0,n51,18.114582,21.0
18.926043,0.43229166,58,24,1,0,n52,18.910418,22.0
19.302084,0.12604167,62,51,1,0,n53,18.910418,22.0
19.332293,0.33229166,46,37,1,0,n54,18.910418,22.0
19.453125,0.16979167,60,64,1,0,n55,18.910418,22.0
19.663542,0.41458333,58,48,1,0,n56,18.910418,22.0
19.682291,0.35729167,62,51,1,0,n57,19.672916,23.0
20.048958,0.35833332,65,52,1,0,n58,19.672916,23.0
20.061459,0.33958334,56,40,1,0,n59,19.672916,23.0
20.436459,0.25833333,58,52,1,0,n60,19.672916,23.0
20.451042,0.36979166,55,50,1,0,n61,20.44375,24.0
20.822916,0.32916668,43,39,1,0,n62,20.44375,24.0
20.857292,0.14166667,58,47,1,0,n63,20.44375,24.0
20.983334,0.16145833,56,67,1,0,n64,20.44375,24.0
21.195833,0.97083336,58,58,1,0,n65,20.44375,24.0
21.213541,0.625,55,43,1,0,n66,21.204687,25.0
21.578125,0.48541668,53,44,1,0,n67,21.204687,25.0
21.584375,0.56145835,62,51,1,0,n68,21.204687,25.0
22.075,1.5020833,63,74,1,0,n69,21.204687,25.0
22.09375,1.9270834,51,41,1,0,n70,21.204687,25.0
22.122917,0.459375,55,45,1,0,n71,22.097221,26.0
22.490625,0.23958333,53,41,1,0,n72,22.097221,26.0
22.508333,0.12604167,56,43,1,0,n73,22.097221,26.0
22.626041,0.18541667,58,66,1,0,n74,22.097221,26.0
22.639584,0.16875,55,37,1,0,n75,22.097221,26.0
22.841667,0.325,60,58,1,0,n76,22.097221,26.0
22.880209,0.30520833,56,61,1,0,n77,22.860937,27.0
23.233334,0.10104167,55,42,1,0,n78,22.860937,27.0
23.234375,0.11770833,58,54,1,0,n79,22.860937,27.0
23.378124,0.69375,56,50,1,0,n80,22.860937,27.0
23.383333,0.21666667,60,56,1,0,n81,22.860937,27.0
23.5875,0.7875,70,79,1,0,n82,22.860937,27.0
23.614584,0.45625,62,54,1,0,n83,23.601042,28.0
23.985416,0.14583333,55,51,1,0,n84,23.601042,28.0
23.991667,0.20625,65,34,1,0,n85,23.601042,28.0
24.130209,0.2,53,40,1,0,n86,23.601042,28.0
24.313541,0.034375,58,50,1,0,n87,23.601042,28.0
24.3375,0.8677083,55,57,1,0,n88,24.325521,29.0
24.722918,0.48229167,68,80,1,0,n89,24.325521,29.0
24.746876,0.45833334,58,44,1,0,n90,24.325521,29.0
24.75,0.45520833,62,42,1,0,n91,24.325521,29.0
25.142708,1.5270833,67,71,1,0,n92,24.325521,29.0
25.153126,0.3875,51,51,1,0,n93,24.325521,29.0
25.16875,1.9947916,63,59,1,0,n94,25.154861,30.0
25.523958,0.15,56,57,1,0,n95,25.154861,30.0
25.544792,0.73020834,72,72,1,0,n96,25.154861,30.0
25.685417,0.17083333,55,58,1,0,n97,25.154861,30.0
25.889584,0.41458333,56,57,1,0,n98,25.889584,31.0
26.271875,0.39583334,70,70,1,0,n99,25.889584,31.0
26.277082,0.321875,60,50,1,0,n100,25.889584,31.0
26.678125,0.28333333,68,66,1,0,n101,25.889584,31.0
26.68125,1.1791667,53,44,1,0,n102,26.679688,32.0
27.085417,0.153125,68,67,1,0,n103,26.679688,32.0
27.222918,0.15416667,67,68,1,0,n104,26.679688,32.0
27.411459,0.44895834,68,72,1,0,n105,26.679688,32.0
27.43125,0.42916667,62,51,1,0,n106,27.421354,33.0
27.798958,0.36979166,72,70,1,0,n107,27.421354,33.0
27.801043,0.178125,55,56,1,0,n108,27.421354,33.0
27.8125,0.21875,60,49,1,0,n109,27.421354,33.0
27.9375,0.22604166,56,71,1,0,n110,27.421354,33.0
28.158333,1.565625,58,71,1,0,n111,27.421354,33.0
28.171875,0.328125,65,64,1,0,n112,28.169098,34.0
28.177084,0.39791667,62,54,1,0,n113,28.169098,34.0
28.51875,1.2052083,70,79,1,0,n114,28.169098,34.0
28.746876,0.08229167,63,58,1,0,n115,28.169098,34.0
28.791666,0.083333336,62,58,1,0,n116,28.169098,34.0
28.894793,0.82916665,60,62,1,0,n117,28.894793,35.0
29.234375,0.48958334,68,73,1,0,n118,28.894793,35.0
29.272917,0.45104167,62,54,1,0,n119,28.894793,35.0
29.686459,0.26770833,67,65,1,0,n120,28.894793,35.0
29.705208,1.0770833,51,42,1,0,n121,29.698957,36.0
29.705208,1.5770833,63,54,1,0,n122,29.698957,36.0
30.111458,0.16041666,58,48,1,0,n123,29.698957,36.0
30.126041,0.15,67,55,1,0,n124,29.698957,36.0
30.280209,0.13541667,65,57,1,0,n125,29.698957,36.0
30.290625,0.114583336,56,49,1,0,n126,29.698957,36.0
30.46875,0.37916666,67,48,1,0,n127,29.698957,36.0
30.472918,0.809375,58,44,1,0,n128,30.470833,37.0
30.83125,0.45104167,70,61,1,0,n129,30.470833,37.0
30.84375,0.43854168,50,45,1,0,n130,30.470833,37.0
31.216667,1.125,48,53,1,0,n131,30.470833,37.0
31.230207,0.384375,63,53,1,0,n132,31.223436,38.0
31.590626,0.12708333,56,45,1,0,n133,31.223436,38.0
31.616667,0.128125,65,51,1,0,n134,31.223436,38.0
31.746876,0.15833333,63,63,1,0,n135,31.223436,38.0
31.752083,0.1375,55,37,1,0,n136,31.223436,38.0
31.942709,0.89479166,65,53,1,0,n137,31.223436,38.0
31.964582,0.80625,56,40,1,0,n138,31.953646,39.0
32.308334,0.54375,68,57,1,0,n139,31.953646,39.0
32.334373,0.403125,53,34,1,0,n140,31.953646,39.0
32.75729,1.61875,70,84,1,0,n141,31.953646,39.0
32.7625,1.975,46,45,1,0,n142,31.953646,39.0
32.786457,0.42916667,62,54,1,0,n143,32.76875,40.0
33.184376,0.390625,55,42,1,0,n144,32.76875,40.0
33.189583,0.7427083,63,60,1,0,n145,32.76875,40.0
33.554165,0.40104166,53,61,1,0,n146,32.76875,40.0
33.90625,0.39270833,62,70,1,0,n147,33.55417,41.0
33.915627,0.225,58,62,1,0,n148,33.55417,41.0
34.294792,1.5916667,60,60,1,0,n149,33.55417,41.0
34.309376,0.77916664,75,82,1,0,n150,34.30764,42.0
34.31875,0.34166667,55,51,1,0,n151,34.30764,42.0
34.696877,0.7864583,67,53,1,0,n152,34.30764,42.0
35.075,0.39479166,72,70,1,0,n153,34.30764,42.0
35.088543,0.81458336,53,39,1,0,n154,35.086807,43.0
35.096874,0.35833332,45,57,1,0,n155,35.086807,43.0
35.432293,0.45416668,75,87,1,0,n156,35.086807,43.0
35.828125,0.50208336,74,82,1,0,n157,35.086807,43.0
35.84479,0.778125,46,46,1,0,n158,35.836456,44.0
36.23854,0.6145833,79,80,1,0,n159,35.836456,44.0
36.24271,0.29270834,50,39,1,0,n160,35.836456,44.0
36.259377,0.171875,70,63,1,0,n161,35.836456,44.0
36.388542,0.15104167,69,68,1,0,n162,35.836456,44.0
36.59375,0.60729164,70,61,1,0,n163,35.836456,44.0
36.6125,0.75625,55,43,1,0,n164,36.603127,45.0
36.958332,0.440625,77,69,1,0,n165,36.603127,45.0
36.96146,0.38541666,43,45,1,0,n166,36.603127,45.0
37.35,1.496875,48,51,1,0,n167,37.35,46.0
37.35,0.31458333,75,79,1,0,n168,37.35,46.0
37.753124,0.17291667,60,50,1,0,n169,37.35,46.0
37.777084,0.16979167,75,74,1,0,n170,37.35,46.0
37.910416,0.123958334,74,74,1,0,n171,37.35,46.0
37.925,0.12916666,58,48,1,0,n172,37.35,46.0
38.097916,0.8541667,75,77,1,0,n173,37.35,46.0
38.109375,0.8020833,60,52,1,0,n174,38.10868,47.0
38.11875,0.23958333,69,60,1,0,n175,38.10868,47.0
38.46146,0.44375,79,80,1,0,n176,38.10868,47.0
38.483334,0.37708333,51,46,1,0,n177,38.10868,47.0
38.494793,0.35208333,67,56,1,0,n178,38.10868,47.0
38.859375,1.5083333,53,50,1,0,n179,38.10868,47.0
38.861458,0.3625,72,85,1,0,n180,38.10868,47.0
38.877083,0.41666666,69,65,1,0,n181,38.86597,48.0
39.221874,0.85729164,77,73,1,0,n182,38.86597,48.0
39.404167,0.09375,62,45,1,0,n183,38.86597,48.0
39.429165,0.1,70,68,1,0,n184,38.86597,48.0
39.475,0.1125,60,47,1,0,n185,38.86597,48.0
39.484375,0.096875,69,68,1,0,n186,38.86597,48.0
39.589584,0.29791668,67,66,1,0,n187,38.86597,48.0
39.602085,0.33854166,58,43,1,0,n188,39.595833,49.0
39.94896,0.43645832,75,77,1,0,n189,39.595833,49.0
39.971874,0.440625,60,53,1,0,n190,39.595833,49.0
39.971874,0.15520833,69,62,1,0,n191,39.595833,49.0
40.385418,0.23333333,74,59,1,0,n192,39.595833,49.0
40.39375,0.5375,70,59,1,0,n193,39.595833,49.0
40.410416,0.35625,58,43,1,0,n194,40.40026,50.0
40.411457,0.70416665,62,36,1,0,n195,40.40026,50.0
40.790627,0.15416667,74,58,1,0,n196,40.40026,50.0
40.808334,0.32083333,53,38,1,0,n197,40.40026,50.0
40.941666,0.114583336,72,72,1,0,n198,40.40026,50.0
41.13229,0.35208333,74,58,1,0,n199,40.40026,50.0
41.15,0.334375,58,45,1,0,n200,41.141148,51.0
41.48125,0.44270834,60,46,1,0,n201,41.141148,51.0
41.485416,0.47916666,77,77,1,0,n202,41.141148,51.0
41.489582,0.434375,65,51,1,0,n203,41.141148,51.0
41.491665,0.43229166,57,47,1,0,n204,41.141148,51.0
41.861458,0.12604167,55,53,1,0,n205,41.141148,51.0
41.869793,0.334375,70,79,1,0,n206,41.141148,51.0
41.87604,0.6,67,62,1,0,n207,41.871616,52.0
41.879166,0.709375,62,45,1,0,n208,41.871616,52.0
42.263542,0.32604167,50,51,1,0,n209,41.871616,52.0
42.272915,0.18125,70,72,1,0,n210,41.871616,52.0
42.414585,0.16041666,69,70,1,0,n211,41.871616,52.0
42.615623,0.359375,70,72,1,0,n212,41.871616,52.0
42.629166,0.31979167,55,42,1,0,n213,42.622395,53.0
42.971874,0.45208332,74,68,1,0,n214,42.622395,53.0
42.996876,0.42708334,53,48,1,0,n215,42.622395,53.0
43.002083,0.421875,62,51,1,0,n216,42.622395,53.0
43.003124,0.42083332,56,48,1,0,n217,42.622395,53.0
43.377083,0.4375,67,73,1,0,n218,42.622395,53.0
43.39896,0.35416666,58,49,1,0,n219,43.396355,54.0
43.404167,0.20625,63,58,1,0,n220,43.396355,54.0
43.40521,0.8197917,51,42,1,0,n221,43.396355,54.0
43.728127,0.47708333,69,82,1,0,n222,43.396355,54.0
43.747917,0.5989583,60,62,1,0,n223,43.396355,54.0
43.752083,0.43333334,65,62,1,0,n224,43.396355,54.0
44.14896,0.334375,61,47,1,0,n225,43.396355,54.0
44.154167,1.4770833,70,73,1,0,n226,44.154167,55.0
44.159374,0.7135417,67,59,1,0,n227,44.154167,55.0
44.490623,0.33958334,52,47,1,0,n228,44.154167,55.0
44.864582,0.71770835,65,61,1,0,n229,44.154167,55.0
44.869793,1.5541667,53,39,1,0,n230,44.154167,55.0
44.87604,0.34479168,60,45,1,0,n231,44.87014,56.0
45.223957,0.35520834,58,41,1,0,n232,44.87014,56.0
45.629166,0.79479164,69,64,1,0,n233,44.87014,56.0
45.63125,0.79270834,60,32,1,0,n234,45.630207,57.0
45.98125,0.44270834,63,47,1,0,n235,45.630207,57.0
46.414585,0.809375,58,44,1,0,n236,45.630207,57.0
46.423958,0.8,46,42,1,0,n237,45.630207,57.0
46.429165,0.11666667,70,53,1,0,n238,46.427605,58.0
46.442707,0.78125,62,42,1,0,n239,46.427605,58.0
46.84479,0.37916666,74,66,1,0,n240,46.427605,58.0
46.860416,0.36354166,65,48,1,0,n241,46.427605,58.0
46.986458,0.2375,75,77,1,0,n242,46.427605,58.0
46.99896,0.225,67,66,1,0,n243,46.427605,58.0
47.21146,0.83125,58,85,1,0,n244,46.427605,58.0
47.23125,0.771875,77,61,1,0,n245,46.427605,58.0
47.25625,0.68958336,68,54,1,0,n246,47.232986,59.0
47.61875,0.49479166,74,57,1,0,n247,47.232986,59.0
48.010418,0.91875,63,79,1,0,n248,47.232986,59.0
48.028126,0.71666664,70,59,1,0,n249,48.01927,60.0
48.383335,0.36145833,75,66,1,0,n250,48.01927,60.0
48.388542,0.35625,67,57,1,0,n251,48.01927,60.0
48.526043,0.21875,77,74,1,0,n252,48.01927,60.0
48.548958,0.19583334,68,67,1,0,n253,48.01927,60.0
48.73854,0.78125,51,72,1,0,n254,48.01927,60.0
48.74271,0.77708334,79,81,1,0,n255,48.01927,60.0
48.766666,0.115625,70,58,1,0,n256,48.749306,61.0
49.089584,0.44583333,63,78,1,0,n257,48.749306,61.0
49.089584,0.43020833,75,75,1,0,n258,48.749306,61.0
49.122917,0.396875,67,50,1,0,n259,48.749306,61.0
49.502083,1.1052083,62,76,1,0,n260,48.749306,61.0
49.50625,0.48541668,77,73,1,0,n261,48.749306,61.0
49.51979,1.1833333,58,65,1,0,n262,49.513283,62.0
49.525,0.06458333,65,51,1,0,n263,49.513283,62.0
49.922916,0.16458334,75,72,1,0,n264,49.513283,62.0
49.928123,0.56041664,67,77,1,0,n265,49.513283,62.0
49.953125,0.21666667,70,61,1,0,n266,49.513283,62.0
50.083332,0.19270833,74,75,1,0,n267,49.513283,62.0
50.26875,0.34583333,72,74,1,0,n268,49.513283,62.0
50.284374,0.18958333,68,66,1,0,n269,50.27656,63.0
50.61875,0.465625,74,68,1,0,n270,50.27656,63.0
50.62396,0.46041667,65,63,1,0,n271,50.27656,63.0
50.62604,0.45833334,56,64,1,0,n272,50.27656,63.0
50.63646,0.1625,70,66,1,0,n273,50.27656,63.0
51.045834,0.15833333,70,42,1,0,n274,50.27656,63.0
51.048958,0.123958334,75,66,1,0,n275,50.27656,63.0
51.053123,0.590625,55,58,1,0,n276,50.27656,63.0
51.060417,0.48333332,63,61,1,0,n277,51.05417,64.0
51.52396,0.72083336,60,67,1,0,n278,51.05417,64.0
51.54271,0.14791666,63,49,1,0,n279,51.05417,64.0
51.69375,0.1625,62,59,1,0,n280,51.05417,64.0
51.903126,0.453125,63,53,1,0,n281,51.903126,65.0
52.272915,0.34166667,58,52,1,0,n282,51.903126,65.0
52.28125,0.440625,67,48,1,0,n283,51.903126,65.0
52.640625,0.26666668,56,50,1,0,n284,51.903126,65.0
52.653126,0.5364583,60,63,1,0,n285,52.646873,66.0
53.04375,0.15729167,56,45,1,0,n286,52.646873,66.0
53.06146,0.790625,65,66,1,0,n287,52.646873,66.0
53.227085,0.16458334,55,51,1,0,n288,52.646873,66.0
53.435417,0.32395834,56,56,1,0,n289,53.435417,67.0
53.790627,0.33020833,63,56,1,0,n290,53.435417,67.0
53.791668,0.37916666,60,55,1,0,n291,53.435417,67.0
54.164585,0.47291666,53,59,1,0,n292,53.435417,67.0
54.16875,0.24791667,62,47,1,0,n293,54.166664,68.0
54.585415,0.74583334,58,66,1,0,n294,54.166664,68.0
54.590626,0.125,62,49,1,0,n295,54.166664,68.0
54.734375,0.15,60,59,1,0,n296,54.166664,68.0
54.955208,0.39895833,62,49,1,0,n297,54.955208,69.0
55.32396,0.325,56,48,1,0,n298,54.955208,69.0
55.326042,0.325,65,49,1,0,n299,54.955208,69.0
55.704166,0.253125,55,42,1,0,n300,54.955208,69.0
55.714584,0.234375,58,43,1,0,n301,55.709373,70.0
56.103127,0.0875,55,43,1,0,n302,55.709373,70.0
56.115623,0.13229166,58,48,1,0,n303,55.709373,70.0
56.246876,0.14583333,53,53,1,0,n304,55.709373,70.0
56.25729,0.12708333,56,60,1,0,n305,55.709373,70.0
56.451042,1.0364584,55,50,1,0,n306,55.709373,70.0
56.454166,1.0333333,58,47,1,0,n307,56.452606,71.0
56.833332,0.65416664,62,56,1,0,n308,56.452606,71.0
56.859375,0.628125,58,38,1,0,n309,56.452606,71.0
57.396873,1.609375,70,91,1,0,n310,56.452606,71.0
57.397915,0.6489583,51,41,1,0,n311,56.452606,71.0
57.429165,0.6822917,55,32,1,0,n312,57.407986,72.0
57.8625,0.184375,51,53,1,0,n313,57.407986,72.0
57.99271,0.19583334,50,49,1,0,n314,57.407986,72.0
58.205208,0.759375,51,49,1,0,n315,58.205208,73.0
58.205208,0.803125,67,37,1,0,n316,58.205208,73.0
58.565624,0.45,55,44,1,0,n317,58.205208,73.0
58.95729,1.4875,75,84,1,0,n318,58.205208,73.0
58.959373,0.92395836,48,48,1,0,n319,58.958336,74.0
59.334373,0.190625,67,41,1,0,n320,58.958336,74.0
59.473957,0.21145834,65,52,1,0,n321,58.958336,74.0
59.695835,0.74895835,67,46,1,0,n322,58.958336,74.0
59.708332,0.73645836,60,37,1,0,n323,59.702084,75.0
60.003124,0.44166666,69,74,1,0,n324,59.702084,75.0
60.0125,0.43229166,75,89,1,0,n325,59.702084,75.0
60.429165,0.75,82,89,1,0,n326,59.702084,75.0
60.470833,0.096875,70,50,1,0,n327,60.465363,76.0
60.471874,0.4125,58,44,1,0,n328,60.465363,76.0
60.489582,0.096875,74,29,1,0,n329,60.465363,76.0
60.628124,1.2541667,70,11,1,0,n330,60.465363,76.0
60.8,1.0822917,79,63,1,0,n331,60.465363,76.0
60.81354,0.14375,58,53,1,0,n332,60.465363,76.0
60.825,0.18333334,62,47,1,0,n333,60.465363,76.0
60.964584,0.12291667,60,61,1,0,n334,60.465363,76.0
60.98125,0.115625,56,48,1,0,n335,60.465363,76.0
61.161457,0.19166666,58,59,1,0,n336,60.465363,76.0
61.1625,0.2,62,66,1,0,n337,61.16198,77.0
61.496876,0.38541666,80,88,1,0,n338,61.16198,77.0
61.51875,0.36875,77,65,1,0,n339,61.16198,77.0
61.526043,0.35625,65,52,1,0,n340,61.16198,77.0
61.529167,0.353125,62,49,1,0,n341,61.16198,77.0
61.857292,0.48541668,79,86,1,0,n342,61.16198,77.0
61.880207,0.25416666,67,55,1,0,n343,61.872917,78.0
61.88125,1.1427083,63,49,1,0,n344,61.872917,78.0
62.266666,0.14791666,67,56,1,0,n345,61.872917,78.0
62.27396,0.75,84,81,1,0,n346,61.872917,78.0
62.3125,0.12604167,75,60,1,0,n347,61.872917,78.0
62.435417,0.171875,74,64,1,0,n348,61.872917,78.0
62.442707,0.14166667,65,50,1,0,n349,61.872917,78.0
62.61875,0.40520832,75,52,1,0,n350,61.872917,78.0
62.653126,0.37083334,67,39,1,0,n351,62.635937,79.0
62.994793,0.42916667,82,89,1,0,n352,62.635937,79.0
63.004166,0.30625,79,64,1,0,n353,62.635937,79.0
63.016666,0.30833334,64,43,1,0,n354,62.635937,79.0
63.38229,0.50104165,80,82,1,0,n355,62.635937,79.0
63.414585,0.088541664,65,45,1,0,n356,63.404514,80.0
63.416668,0.08020833,72,50,1,0,n357,63.404514,80.0
63.765625,0.24375,80,68,1,0,n358,63.404514,80.0
63.771873,0.14375,53,53,1,0,n359,63.404514,80.0
63.775,0.17083333,60,43,1,0,n360,63.404514,80.0
63.795834,0.0875,77,44,1,0,n361,63.404514,80.0
63.920834,0.04375,52,49,1,0,n362,63.404514,80.0
63.920834,0.14791666,79,73,1,0,n363,63.404514,80.0
64.114586,1.8479167,53,61,1,0,n364,63.404514,80.0
64.11771,0.19791667,77,66,1,0,n365,63.404514,80.0
64.12708,0.378125,80,80,1,0,n366,64.12326,81.0
64.12813,0.7572917,65,55,1,0,n367,64.12326,81.0
64.47188,0.38125,84,79,1,0,n368,64.12326,81.0
64.47813,0.36458334,57,64,1,0,n369,64.12326,81.0
64.49375,0.24583334,75,73,1,0,n370,64.12326,81.0
64.83125,0.359375,58,64,1,0,n371,64.12326,81.0
64.83542,0.165625,77,78,1,0,n372,64.12326,81.0
64.854164,0.27916667,74,64,1,0,n373,64.84028,82.0
65.2125,0.203125,65,56,1,0,n374,64.84028,82.0
65.239586,0.72291666,82,80,1,0,n375,64.84028,82.0
65.265625,0.12708333,74,57,1,0,n376,64.84028,82.0
65.39375,0.123958334,72,73,1,0,n377,64.84028,82.0
65.41458,0.14791666,63,50,1,0,n378,64.84028,82.0
65.6125,0.375,65,38,1,0,n379,65.6125,83.0
65.6125,0.58125,74,43,1,0,n380,65.6125,83.0
65.96042,0.37291667,80,66,1,0,n381,65.6125,83.0
65.979164,0.27708334,62,45,1,0,n382,65.6125,83.0
65.98229,0.35,77,53,1,0,n383,65.6125,83.0
66.33125,0.771875,79,66,1,0,n384,65.6125,83.0
66.344795,0.7583333,63,48,1,0,n385,65.6125,83.0
66.364586,0.73854166,70,38,1,0,n386,66.34688,84.0
66.71146,0.39166668,58,41,1,0,n387,66.34688,84.0
66.72604,0.37708333,51,40,1,0,n388,66.34688,84.0
66.729164,0.37395832,70,55,1,0,n389,66.34688,84.0
66.73125,0.371875,79,66,1,0,n390,66.34688,84.0
66.890625,0.23645833,77,68,1,0,n391,66.34688,84.0
66.925,0.178125,68,38,1,0,n392,66.34688,84.0
67.08437,0.25520834,63,46,1,0,n393,66.34688,84.0
67.092705,0.390625,79,65,1,0,n394,66.34688,84.0
67.123955,0.29166666,70,45,1,0,n395,67.10035,85.0
67.245834,0.240625,62,65,1,0,n396,67.10035,85.0
67.44375,0.1625,82,71,1,0,n397,67.10035,85.0
67.458336,0.18541667,74,53,1,0,n398,67.10035,85.0
67.46042,0.18020834,60,68,1,0,n399,67.10035,85.0
67.61146,0.15729167,58,72,1,0,n400,67.10035,85.0
67.82083,0.49791667,60,63,1,0,n401,67.10035,85.0
67.83021,0.22604166,75,64,1,0,n402,67.83021,86.0
67.839584,0.20416667,67,51,1,0,n403,67.83021,86.0
68.197914,0.29895833,48,47,1,0,n404,67.83021,86.0
68.2,0.110416666,75,68,1,0,n405,67.83021,86.0
68.22396,0.044791665,69,53,1,0,n406,67.83021,86.0
68.36667,0.24583334,74,65,1,0,n407,67.83021,86.0
68.38958,0.21041666,71,56,1,0,n408,67.83021,86.0
68.566666,0.265625,60,56,1,0,n409,67.83021,86.0
68.56771,0.46979168,75,66,1,0,n410,67.83021,86.0
68.59583,0.3875,72,54,1,0,n411,68.57674,87.0
68.717705,0.228125,58,60,1,0,n412,68.57674,87.0
68.907295,0.503125,79,74,1,0,n413,68.57674,87.0
68.90938,0.5125,71,62,1,0,n414,68.57674,87.0
68.910416,0.2125,56,67,1,0,n415,68.57674,87.0
69.06875,0.26458332,55,70,1,0,n416,68.57674,87.0
69.32604,0.509375,56,54,1,0,n417,68.57674,87.0
69.35729,0.996875,72,83,1,0,n418,69.34167,88.0
69.76146,0.346875,44,45,1,0,n419,69.34167,88.0
69.76875,0.6020833,74,53,1,0,n420,69.34167,88.0
69.933334,0.62604165,75,68,1,0,n421,69.34167,88.0
70.11562,1.7072917,77,71,1,0,n422,69.34167,88.0
70.12708,0.47708333,56,64,1,0,n423,70.12135,89.0
70.270836,0.27604166,71,75,1,0,n424,70.12135,89.0
70.48542,0.21354167,72,79,1,0,n425,70.12135,89.0
70.48854,0.17291667,55,54,1,0,n426,70.12135,89.0
70.64687,0.26666668,74,76,1,0,n427,70.12135,89.0
70.64896,0.21979167,53,52,1,0,n428,70.12135,89.0
70.875,1.7447916,55,48,1,0,n429,70.12135,89.0
70.88125,0.94166666,71,77,1,0,n430,70.87813,90.0
71.25938,0.56354165,67,57,1,0,n431,70.87813,90.0
71.70937,0.16458334,75,58,1,0,n432,70.87813,90.0
71.71562,1.0885416,72,49,1,0,n433,71.7125,91.0
71.92083,0.171875,74,58,1,0,n434,71.7125,91.0
72.089584,0.16354166,75,67,1,0,n435,71.7125,91.0
72.254166,0.14583333,77,59,1,0,n436,71.7125,91.0
72.43958,1.0760417,74,53,1,0,n437,72.43958,92.0
72.58854,0.13541667,53,46,1,0,n438,72.43958,92.0
72.79271,0.15520833,55,42,1,0,n439,72.43958,92.0
72.79271,0.690625,79,66,1,0,n440,72.43958,92.0
72.958336,0.121875,56,49,1,0,n441,72.43958,92.0
73.13333,0.15,55,49,1,0,n442,72.43958,92.0
73.15938,1.6833333,70,59,1,0,n443,73.146355,93.0
73.3125,0.15833333,53,39,1,0,n444,73.146355,93.0
73.49271,0.221875,52,41,1,0,n445,73.146355,93.0
73.49792,0.48333332,77,53,1,0,n446,73.146355,93.0
73.68021,0.22291666,50,47,1,0,n447,73.146355,93.0
73.96667,1.6614584,48,36,1,0,n448,73.146355,93.0
73.98333,0.859375,76,53,1,0,n449,73.975,94.0
74.33229,0.5104167,72,47,1,0,n450,73.975,94.0
74.70104,0.14166667,68,47,1,0,n451,73.975,94.0
74.7125,1.4739584,77,56,1,0,n452,74.70677,95.0
74.86771,0.25104168,67,53,1,0,n453,74.70677,95.0
75.06042,0.16875,68,69,1,0,n454,74.70677,95.0
75.208336,0.123958334,70,75,1,0,n455,74.70677,95.0
75.416664,0.51979166,67,46,1,0,n456,75.416664,96.0
75.57604,0.16979167,46,53,1,0,n457,75.416664,96.0
75.7375,0.96770835,72,50,1,0,n458,75.416664,96.0
75.76875,0.2625,48,57,1,0,n459,75.416664,96.0
75.907295,0.134375,50,63,1,0,n460,75.416664,96.0
76.09167,0.2,48,46,1,0,n461,75.416664,96.0
76.09896,1.7645833,75,67,1,0,n462,76.095314,97.0
76.26875,0.18958333,46,64,1,0,n463,76.095314,97.0
76.45625,0.12083333,45,56,1,0,n464,76.095314,97.0
76.47813,0.240625,70,60,1,0,n465,76.095314,97.0
76.60833,0.1625,43,55,1,0,n466,76.095314,97.0
76.8375,1.725,41,48,1,0,n467,76.095314,97.0
76.85833,1.0052084,69,55,1,0,n468,76.847916,98.0
77.27187,0.59166664,65,45,1,0,n469,76.847916,98.0
77.65312,1.228125,70,55,1,0,n470,76.847916,98.0
77.66458,0.203125,74,61,1,0,n471,77.65885,99.0
77.83125,0.24270834,72,72,1,0,n472,77.65885,99.0
78.015625,0.19895834,74,74,1,0,n473,77.65885,99.0
78.16875,0.19479166,75,83,1,0,n474,77.65885,99.0
78.36042,1.1833333,72,85,1,0,n475,78.36042,100.0
78.546875,0.22395833,51,54,1,0,n476,78.36042,100.0
78.75313,0.80833334,77,78,1,0,n477,78.36042,100.0
78.77604,0.14791666,53,52,1,0,n478,78.36042,100.0
78.947914,0.16041666,55,50,1,0,n479,78.36042,100.0
79.1375,2.084375,68,70,1,0,n480,78.36042,100.0
79.13854,0.15208334,53,42,1,0,n481,79.13802,101.0
79.308334,0.11666667,51,45,1,0,n482,79.13802,101.0
79.48333,0.175,50,49,1,0,n483,79.13802,101.0
79.49792,0.36770833,75,65,1,0,n484,79.13802,101.0
79.675,0.16458334,48,47,1,0,n485,79.13802,101.0
79.876045,1.3458333,74,54,1,0,n486,79.13802,101.0
79.88958,1.6395833,46,43,1,0,n487,79.88281,102.0
80.248955,0.97291666,70,55,1,0,n488,79.88281,102.0
80.6625,0.559375,67,45,1,0,n489,79.88281,102.0
80.66563,1.1552083,75,61,1,0,n490,80.66406,103.0
80.83229,0.38958332,65,55,1,0,n491,80.66406,103.0
81.03125,0.19791667,67,61,1,0,n492,80.66406,103.0
81.188545,0.17083333,68,72,1,0,n493,80.66406,103.0
81.370834,2.4020834,65,57,1,0,n494,81.370834,104.0
81.52396,0.26145834,56,56,1,0,n495,81.370834,104.0
81.72188,0.22916667,58,55,1,0,n496,81.370834,104.0
81.745834,0.784375,70,53,1,0,n497,81.370834,104.0
81.895836,0.284375,60,66,1,0,n498,81.370834,104.0
82.10208,0.840625,58,74,1,0,n499,81.370834,104.0
82.125,0.9375,73,67,1,0,n500,82.11354,105.0
82.3,0.35625,56,61,1,0,n501,82.11354,105.0
82.49062,0.190625,55,56,1,0,n502,82.11354,105.0
82.520836,0.43229166,68,56,1,0,n503,82.11354,105.0
82.66563,0.22291666,53,55,1,0,n504,82.11354,105.0
82.88958,0.43958333,70,79,1,0,n505,82.11354,105.0
82.91146,0.9114583,63,64,1,0,n506,82.905205,106.0
82.91458,0.31875,55,48,1,0,n507,82.905205,106.0
83.25625,0.5697917,72,79,1,0,n508,82.905205,106.0
83.26667,1.0291667,56,59,1,0,n509,82.905205,106.0
83.60521,0.9427083,70,81,1,0,n510,82.905205,106.0
83.61354,0.5541667,50,56,1,0,n511,83.609375,107.0
83.96562,0.28958333,61,82,1,0,n512,83.609375,107.0
83.9875,0.36041668,52,65,1,0,n513,83.609375,107.0
84.00208,0.31354168,67,49,1,0,n514,83.609375,107.0
84.34688,0.875,60,65,1,0,n515,83.609375,107.0
84.373955,0.36979166,53,56,1,0,n516,84.365974,108.0
84.37708,0.28020832,68,63,1,0,n517,84.365974,108.0
84.75313,0.26666668,65,59,1,0,n518,84.365974,108.0
84.90833,0.21666667,67,66,1,0,n519,84.365974,108.0
85.10104,1.1833333,68,70,1,0,n520,85.10104,109.0
85.25521,0.16770834,51,50,1,0,n521,85.10104,109.0
85.45729,0.36770833,63,57,1,0,n522,85.10104,109.0
85.46667,0.10104167,49,47,1,0,n523,85.10104,109.0
85.6125,0.171875,48,52,1,0,n524,85.10104,109.0
85.839584,0.51979166,46,46,1,0,n525,85.10104,109.0
85.86042,0.23020834,61,54,1,0,n526,85.85,110.0
86.24271,0.35,65,62,1,0,n527,85.85,110.0
86.245834,0.18541667,61,58,1,0,n528,85.85,110.0
86.38021,0.49270833,60,72,1,0,n529,85.85,110.0
86.58229,0.088541664,61,57,1,0,n530,85.85,110.0
86.58854,0.39583334,70,77,1,0,n531,86.58542,111.0
86.739586,0.228125,46,65,1,0,n532,86.58542,111.0
86.938545,0.17708333,48,69,1,0,n533,86.58542,111.0
86.94688,0.26979166,68,68,1,0,n534,86.58542,111.0
86.95417,0.19270833,65,60,1,0,n535,86.58542,111.0
87.104164,0.203125,49,77,1,0,n536,86.58542,111.0
87.32083,1.08125,51,65,1,0,n537,86.58542,111.0
87.34688,0.165625,58,45,1,0,n538,87.338196,112.0
87.34688,0.259375,67,56,1,0,n539,87.338196,112.0
87.70104,0.5854167,63,68,1,0,n540,87.338196,112.0
87.71042,0.20729166,67,63,1,0,n541,87.338196,112.0
87.88021,0.15208334,65,78,1,0,n542,87.338196,112.0
88.083336,0.340625,67,72,1,0,n543,88.083336,113.0
88.23021,0.21979167,39,66,1,0,n544,88.083336,113.0
88.425,0.21354167,41,65,1,0,n545,88.083336,113.0
88.42812,0.35104167,70,78,1,0,n546,88.083336,113.0
88.43021,0.228125,61,69,1,0,n547,88.083336,113.0
88.58646,0.23125,43,70,1,0,n548,88.083336,113.0
88.78438,0.16875,44,69,1,0,n549,88.083336,113.0
88.791664,0.08020833,63,68,1,0,n550,88.083336,113.0
88.80625,0.16979167,60,64,1,0,n551,88.7941,114.0
88.953125,0.22395833,46,75,1,0,n552,88.7941,114.0
89.14479,0.13125,48,58,1,0,n553,88.7941,114.0
89.152084,0.34791666,68,73,1,0,n554,88.7941,114.0
89.15938,0.15729167,60,57,1,0,n555,88.7941,114.0
89.296875,0.17291667,50,63,1,0,n556,88.7941,114.0
89.313545,0.18958333,58,66,1,0,n557,88.7941,114.0
89.52396,0.896875,60,51,1,0,n558,88.7941,114.0
89.54375,2.4385417,51,47,1,0,n559,89.53385,115.0
89.85521,0.565625,67,52,1,0,n560,89.53385,115.0
89.88854,0.53229165,63,55,1,0,n561,89.53385,115.0
90.37292,1.609375,70,90,1,0,n562,89.53385,115.0
90.38958,0.53125,56,55,1,0,n563,90.385765,116.0
90.39479,0.5260417,65,67,1,0,n564,90.385765,116.0
90.83437,0.16354166,65,56,1,0,n565,90.385765,116.0
90.83854,0.15,56,54,1,0,n566,90.385765,116.0
90.98542,0.13958333,63,51,1,0,n567,90.385765,116.0
91.0,0.12083333,55,44,1,0,n568,90.385765,116.0
91.19688,0.78541666,65,45,1,0,n569,90.385765,116.0
91.20417,0.778125,56,56,1,0,n570,91.20052,117.0
91.58542,0.396875,58,46,1,0,n571,91.20052,117.0
91.59896,0.38333333,67,34,1,0,n572,91.20052,117.0
91.708336,0.27395833,56,57,1,0,n573,91.20052,117.0
91.722916,0.259375,65,49,1,0,n574,91.20052,117.0
91.95521,1.5375,51,80,1,0,n575,91.20052,117.0
91.97083,0.790625,75,79,1,0,n576,91.20052,117.0
92.00313,0.528125,55,42,1,0,n577,91.98307,118.0
92.00313,0.28958333,63,41,1,0,n578,91.98307,118.0
92.36771,0.17604166,58,64,1,0,n579,91.98307,118.0
92.37813,0.19583334,67,49,1,0,n580,91.98307,118.0
92.52604,0.32916668,65,66,1,0,n581,91.98307,118.0
92.527084,0.20520833,56,68,1,0,n582,91.98307,118.0
92.722916,0.7395833,58,73,1,0,n583,91.98307,118.0
92.74167,0.37916666,67,66,1,0,n584,92.73229,119.0
93.08646,0.37604168,69,66,1,0,n585,92.73229,119.0
93.094795,0.36770833,75,81,1,0,n586,92.73229,119.0
93.09688,0.365625,60,68,1,0,n587,92.73229,119.0
93.25,0.221875,67,80,1,0,n588,92.73229,119.0
93.47083,0.10104167,74,77,1,0,n589,92.73229,119.0
93.47708,0.325,62,71,1,0,n590,92.73229,119.0
93.479164,1.13125,58,63,1,0,n591,93.478645,120.0
93.4875,0.31458333,65,63,1,0,n592,93.478645,120.0
93.84375,0.58125,79,75,1,0,n593,93.478645,120.0
93.86562,0.13854167,70,68,1,0,n594,93.478645,120.0
93.87813,0.16875,62,70,1,0,n595,93.478645,120.0
93.995834,0.103125,68,75,1,0,n596,93.478645,120.0
94.02812,0.10208333,60,68,1,0,n597,93.478645,120.0
94.214584,0.82604164,62,56,1,0,n598,93.478645,120.0
94.23333,0.8072917,70,80,1,0,n599,94.22396,121.0
94.625,0.49270833,77,80,1,0,n600,94.22396,121.0
94.64792,0.39270833,56,53,1,0,n601,94.22396,121.0
94.64896,0.39166668,74,60,1,0,n602,94.22396,121.0
95.063545,0.334375,75,86,1,0,n603,94.22396,121.0
95.07396,0.84583336,55,47,1,0,n604,95.06875,122.0
95.48854,0.7604167,72,56,1,0,n605,95.06875,122.0
95.49479,0.19895834,75,58,1,0,n606,95.06875,122.0
95.495834,1.0166667,67,52,1,0,n607,95.06875,122.0
95.49687,0.4375,60,41,1,0,n608,95.06875,122.0
95.655205,0.14479166,74,75,1,0,n609,95.06875,122.0
95.85313,0.378125,75,83,1,0,n610,95.06875,122.0
95.85729,0.490625,63,69,1,0,n611,95.85521,123.0
96.18958,0.39479166,79,84,1,0,n612,95.85521,123.0
96.208336,0.38645834,58,68,1,0,n613,95.85521,123.0
96.563545,1.4895834,72,89,1,0,n614,95.85521,123.0
96.56979,0.27708334,56,70,1,0,n615,95.85521,123.0
96.57708,0.8229167,68,75,1,0,n616,96.57014,124.0
96.94688,0.846875,77,83,1,0,n617,96.57014,124.0
96.95937,0.140625,56,62,1,0,n618,96.57014,124.0
96.97083,0.121875,60,59,1,0,n619,96.57014,124.0
97.097916,0.1875,55,57,1,0,n620,96.57014,124.0
97.097916,0.13958333,58,68,1,0,n621,96.57014,124.0
97.33021,0.371875,60,49,1,0,n622,96.57014,124.0
97.34062,0.36145833,56,50,1,0,n623,97.33542,125.0
97.675,0.44583333,75,86,1,0,n624,97.33542,125.0
97.677086,0.309375,60,39,1,0,n625,97.33542,125.0
97.67812,0.25,63,61,1,0,n626,97.33542,125.0
98.03438,0.64270836,53,58,1,0,n627,97.33542,125.0
98.05,0.31145832,74,82,1,0,n628,97.33542,125.0
98.072914,1.115625,70,66,1,0,n629,98.05243,126.0
98.45208,0.73229164,62,48,1,0,n630,98.05243,126.0
98.47188,0.603125,58,54,1,0,n631,98.05243,126.0
98.47604,0.18229167,74,68,1,0,n632,98.05243,126.0
98.61771,0.16458334,72,80,1,0,n633,98.05243,126.0
98.816666,0.359375,74,74,1,0,n634,98.05243,126.0
98.81875,1.2802083,67,63,1,0,n635,98.81771,127.0
99.16458,0.225,56,75,1,0,n636,98.81771,127.0
99.16563,0.43854168,77,81,1,0,n637,98.81771,127.0
99.520836,0.7916667,70,86,1,0,n638,98.81771,127.0
99.53125,0.178125,55,65,1,0,n639,99.52604,128.0
99.89479,0.119791664,55,62,1,0,n640,99.52604,128.0
99.902084,0.42395833,75,86,1,0,n641,99.52604,128.0
100.01771,0.24375,53,57,1,0,n642,99.52604,128.0
100.25313,0.7708333,55,54,1,0,n643,99.52604,128.0
100.270836,0.8489583,73,84,1,0,n644,100.26198,129.0
100.666664,0.35729167,68,58,1,0,n645,100.26198,129.0
100.68437,0.33958334,65,44,1,0,n646,100.26198,129.0
100.686455,0.3375,58,46,1,0,n647,100.26198,129.0
101.04375,0.6927083,67,67,1,0,n648,100.26198,129.0
101.05,0.29166666,51,44,1,0,n649,100.26198,129.0
101.07188,0.74791664,63,63,1,0,n650,101.05521,130.0
101.38958,0.48854166,72,82,1,0,n651,101.05521,130.0
101.40417,0.190625,51,57,1,0,n652,101.05521,130.0
101.54271,0.25833333,50,65,1,0,n653,101.05521,130.0
101.76667,0.87604165,70,87,1,0,n654,101.05521,130.0
101.782295,0.759375,51,54,1,0,n655,101.77448,131.0
102.15938,0.38229167,65,47,1,0,n656,101.77448,131.0
102.16875,1.0635417,55,42,1,0,n657,101.77448,131.0
102.18229,0.359375,62,38,1,0,n658,101.77448,131.0
102.525,0.64479166,48,53,1,0,n659,101.77448,131.0
102.558334,0.7447917,60,43,1,0,n660,102.54722,132.0
102.558334,0.6145833,63,62,1,0,n661,102.54722,132.0
102.92917,0.38229167,50,52,1,0,n662,102.54722,132.0
102.94583,0.20625,68,76,1,0,n663,102.54722,132.0
103.10104,0.309375,67,78,1,0,n664,102.54722,132.0
103.109375,0.25208333,51,66,1,0,n665,102.54722,132.0
103.333336,0.51666665,53,67,1,0,n666,102.54722,132.0
103.33437,1.6895833,68,83,1,0,n667,103.333855,133.0
103.71562,0.24583334,62,73,1,0,n668,103.333855,133.0
103.71667,0.49375,56,67,1,0,n669,103.333855,133.0
103.870834,0.23229167,60,78,1,0,n670,103.333855,133.0
104.12187,0.90208334,46,58,1,0,n671,104.12187,134.0
104.12187,1.9583334,53,67,1,0,n672,104.12187,134.0
104.12187,0.9270833,62,78,1,0,n673,104.12187,134.0
104.54792,0.5052083,58,80,1,0,n674,104.12187,134.0
105.00833,0.9739583,66,86,1,0,n675,104.12187,134.0
105.01875,0.84270835,63,80,1,0,n676,105.015625,135.0
105.01979,1.046875,45,61,1,0,n677,105.015625,135.0
105.51146,0.5697917,60,79,1,0,n678,105.015625,135.0
106.05,3.6125,65,77,1,0,n679,105.015625,135.0
106.05729,1.2583333,63,72,1,0,n680,106.05556,136.0
106.05937,3.5083334,46,66,1,0,n681,106.05556,136.0
106.61875,0.33854166,53,72,1,0,n682,106.05556,136.0
106.86354,0.421875,51,71,1,0,n683,106.05556,136.0
107.26458,2.303125,62,76,1,0,n684,106.05556,136.0
107.28125,2.2864583,53,55,1,0,n685,107.27292,137.0
108.13333,1.434375,58,59,1,0,n686,107.27292,137.0
109.51146,4.163542,63,48,1,0,n687,107.27292,137.0
109.520836,4.184375,39,45,1,0,n688,107.27292,137.0
109.532295,4.121875,55,38,1,0,n689,109.524216,138.0
109.532295,4.1385417,58,38,1,0,n690,109.524216,138.0
