velocity,timing,articulation,id
0.0,0.0,0.0,n7-1
0.0,0.0,0.0,n8-1
0.0,0.0,0.0,n1-1
0.0,0.0,0.0,n9-1
0.0,0.0,0.0,n10-1
0.0,0.0,0.0,n2-1
0.0,0.0,0.0,n11-1
0.0,0.0,0.0,n12-1
0.0,0.0,0.0,n3-1
0.0,0.0,0.0,n13-1
0.0,0.0,0.0,n14-1
0.0,0.0,0.0,n4-1
0.0,0.0,0.0,n15-1
0.0,0.0,0.0,n16-1
0.0,0.0,0.0,n5-1
0.0,0.0,0.0,n17-1
0.0,0.0,0.0,n18-1
0.0,0.0,0.0,n6-1
0.0,0.0,0.0,n32-1
0.0,0.0,0.0,n33-1
0.0,0.0,0.0,n19-1
0.0,0.0,0.0,n28-1
0.0,0.0,0.0,n20-1
0.0,0.0,0.0,n21-1
0.0,0.0,0.0,n29-1
0.0,0.0,0.0,n22-1
0.0,0.0,0.0,n23-1
0.0,0.0,0.0,n30-1
0.0,0.0,0.0,n24-1
0.0,0.0,0.0,n25-1
0.0,0.0,0.0,n31-1
0.0,0.0,0.0,n26-1
0.0,0.0,0.0,n27-1
0.0,0.0,0.0,n41-1
0.0,0.0,0.0,n42-1
0.0,0.0,0.0,n35-1
0.0,0.0,0.0,n43-1
0.0,0.0,0.0,n44-1
0.0,0.0,0.0,n36-1
0.0,0.0,0.0,n45-1
0.0,0.0,0.0,n46-1
0.0,0.0,0.0,n37-1
0.0,0.0,0.0,n47-1
0.0,0.0,0.0,n48-1
0.0,0.0,0.0,n38-1
0.0,0.0,0.0,n49-1
0.0,0.0,0.0,n50-1
0.0,0.0,0.0,n39-1
0.0,0.0,0.0,n51-1
0.0,0.0,0.0,n52-1
0.0,0.0,0.0,n40-1
0.0,0.0,0.0,n66-1
0.0,0.0,0.0,n67-1
0.0,0.0,0.0,n53-1
0.0,0.0,0.0,n62-1
0.0,0.0,0.0,n54-1
0.0,0.0,0.0,n55-1
0.0,0.0,0.0,n63-1
0.0,0.0,0.0,n56-1
0.0,0.0,0.0,n57-1
0.0,0.0,0.0,n64-1
0.0,0.0,0.0,n58-1
0.0,0.0,0.0,n59-1
0.0,0.0,0.0,n65-1
0.0,0.0,0.0,n60-1
0.0,0.0,0.0,n61-1
0.0,0.0,0.0,n75-1
0.0,0.0,0.0,n76-1
0.0,0.0,0.0,n69-1
0.0,0.0,0.0,n77-1
0.0,0.0,0.0,n78-1
0.0,0.0,0.0,n70-1
0.0,0.0,0.0,n79-1
0.0,0.0,0.0,n80-1
0.0,0.0,0.0,n71-1
0.0,0.0,0.0,n81-1
0.0,0.0,0.0,n82-1
0.0,0.0,0.0,n72-1
0.0,0.0,0.0,n83-1
0.0,0.0,0.0,n84-1
0.0,0.0,0.0,n73-1
0.0,0.0,0.0,n74-1
0.0,0.0,0.0,n92-1
0.0,0.0,0.0,n86-1
0.0,0.0,0.0,n93-1
0.0,0.0,0.0,n94-1
0.0,0.0,0.0,n95-1
0.0,0.0,0.0,n96-1
0.0,0.0,0.0,n97-1
0.0,0.0,0.0,n98-1
0.0,0.0,0.0,n87-1
0.0,0.0,0.0,n99-1
0.0,0.0,0.0,n100-1
0.0,0.0,0.0,n88-1
0.0,0.0,0.0,n101-1
0.0,0.0,0.0,n102-1
0.0,0.0,0.0,n89-1
0.0,0.0,0.0,n103-1
0.0,0.0,0.0,n104-1
0.0,0.0,0.0,n90-1
0.0,0.0,0.0,n105-1
0.0,0.0,0.0,n106-1
0.0,0.0,0.0,n91-1
0.0,0.0,0.0,n107-1
0.0,0.0,0.0,n114-1
0.0,0.0,0.0,n108-1
0.0,0.0,0.0,n115-1
0.0,0.0,0.0,n116-1
0.0,0.0,0.0,n117-1
0.0,0.0,0.0,n118-1
0.0,0.0,0.0,n119-1
0.0,0.0,0.0,n120-1
0.0,0.0,0.0,n109-1
0.0,0.0,0.0,n121-1
0.0,0.0,0.0,n122-1
0.0,0.0,0.0,n110-1
0.0,0.0,0.0,n123-1
0.0,0.0,0.0,n124-1
0.0,0.0,0.0,n111-1
0.0,0.0,0.0,n125-1
0.0,0.0,0.0,n126-1
0.0,0.0,0.0,n112-1
0.0,0.0,0.0,n127-1
0.0,0.0,0.0,n128-1
0.0,0.0,0.0,n113-1
0.0,0.0,0.0,n129-1
0.0,0.0,0.0,n136-1
0.0,0.0,0.0,n130-1
0.0,0.0,0.0,n137-1
0.0,0.0,0.0,n138-1
0.0,0.0,0.0,n139-1
0.0,0.0,0.0,n140-1
0.0,0.0,0.0,n141-1
0.0,0.0,0.0,n142-1
0.0,0.0,0.0,n131-1
0.0,0.0,0.0,n143-1
0.0,0.0,0.0,n144-1
0.0,0.0,0.0,n132-1
0.0,0.0,0.0,n145-1
0.0,0.0,0.0,n146-1
0.0,0.0,0.0,n133-1
0.0,0.0,0.0,n147-1
0.0,0.0,0.0,n148-1
0.0,0.0,0.0,n134-1
0.0,0.0,0.0,n149-1
0.0,0.0,0.0,n150-1
0.0,0.0,0.0,n135-1
0.0,0.0,0.0,n151-1
0.0,0.0,0.0,n158-1
0.0,0.0,0.0,n152-1
0.0,0.0,0.0,n159-1
0.0,0.0,0.0,n160-1
0.0,0.0,0.0,n161-1
0.0,0.0,0.0,n162-1
0.0,0.0,0.0,n163-1
0.0,0.0,0.0,n164-1
0.0,0.0,0.0,n153-1
0.0,0.0,0.0,n165-1
0.0,0.0,0.0,n166-1
0.0,0.0,0.0,n154-1
0.0,0.0,0.0,n167-1
0.0,0.0,0.0,n168-1
0.0,0.0,0.0,n155-1
0.0,0.0,0.0,n169-1
0.0,0.0,0.0,n170-1
0.0,0.0,0.0,n156-1
0.0,0.0,0.0,n171-1
0.0,0.0,0.0,n172-1
0.0,0.0,0.0,n157-1
0.0,0.0,0.0,n173-1
0.0,0.0,0.0,n205-1
0.0,0.0,0.0,n174-1
0.0,0.0,0.0,n175-1
0.0,0.0,0.0,n176-1
0.0,0.0,0.0,n177-1
0.0,0.0,0.0,n178-1
0.0,0.0,0.0,n179-1
0.0,0.0,0.0,n180-1
0.0,0.0,0.0,n181-1
0.0,0.0,0.0,n182-1
0.0,0.0,0.0,n183-1
0.0,0.0,0.0,n184-1
0.0,0.0,0.0,n206-1
0.0,0.0,0.0,n185-1
0.0,0.0,0.0,n186-1
0.0,0.0,0.0,n187-1
0.0,0.0,0.0,n188-1
0.0,0.0,0.0,n207-1
0.0,0.0,0.0,n189-1
0.0,0.0,0.0,n190-1
0.0,0.0,0.0,n191-1
0.0,0.0,0.0,n192-1
0.0,0.0,0.0,n208-1
0.0,0.0,0.0,n193-1
0.0,0.0,0.0,n194-1
0.0,0.0,0.0,n195-1
0.0,0.0,0.0,n196-1
0.0,0.0,0.0,n209-1
0.0,0.0,0.0,n197-1
0.0,0.0,0.0,n198-1
0.0,0.0,0.0,n199-1
0.0,0.0,0.0,n200-1
0.0,0.0,0.0,n210-1
0.0,0.0,0.0,n201-1
0.0,0.0,0.0,n202-1
0.0,0.0,0.0,n203-1
0.0,0.0,0.0,n204-1
0.0,0.0,0.0,n243-1
0.0,0.0,0.0,n244-1
0.0,0.0,0.0,n211-1
0.0,0.0,0.0,n212-1
0.0,0.0,0.0,n213-1
0.0,0.0,0.0,n214-1
0.0,0.0,0.0,n215-1
0.0,0.0,0.0,n216-1
0.0,0.0,0.0,n217-1
0.0,0.0,0.0,n218-1
0.0,0.0,0.0,n219-1
0.0,0.0,0.0,n220-1
0.0,0.0,0.0,n221-1
0.0,0.0,0.0,n222-1
0.0,0.0,0.0,n245-1
0.0,0.0,0.0,n223-1
0.0,0.0,0.0,n224-1
0.0,0.0,0.0,n225-1
0.0,0.0,0.0,n226-1
0.0,0.0,0.0,n246-1
0.0,0.0,0.0,n227-1
0.0,0.0,0.0,n228-1
0.0,0.0,0.0,n229-1
0.0,0.0,0.0,n230-1
0.0,0.0,0.0,n247-1
0.0,0.0,0.0,n231-1
0.0,0.0,0.0,n232-1
0.0,0.0,0.0,n233-1
0.0,0.0,0.0,n234-1
0.0,0.0,0.0,n248-1
0.0,0.0,0.0,n235-1
0.0,0.0,0.0,n236-1
0.0,0.0,0.0,n237-1
0.0,0.0,0.0,n238-1
0.0,0.0,0.0,n249-1
0.0,0.0,0.0,n239-1
0.0,0.0,0.0,n240-1
0.0,0.0,0.0,n241-1
0.0,0.0,0.0,n242-1
0.0,0.0,0.0,n298-1
0.0,0.0,0.0,n299-1
0.0,0.0,0.0,n250-1
0.0,0.0,0.0,n251-1
0.0,0.0,0.0,n252-1
0.0,0.0,0.0,n253-1
0.0,0.0,0.0,n254-1
0.0,0.0,0.0,n255-1
0.0,0.0,0.0,n256-1
0.0,0.0,0.0,n257-1
0.0,0.0,0.0,n258-1
0.0,0.0,0.0,n259-1
0.0,0.0,0.0,n260-1
0.0,0.0,0.0,n261-1
0.0,0.0,0.0,n262-1
0.0,0.0,0.0,n263-1
0.0,0.0,0.0,n264-1
0.0,0.0,0.0,n265-1
0.0,0.0,0.0,n266-1
0.0,0.0,0.0,n267-1
0.0,0.0,0.0,n300-1
0.0,0.0,0.0,n268-1
0.0,0.0,0.0,n269-1
0.0,0.0,0.0,n270-1
0.0,0.0,0.0,n271-1
0.0,0.0,0.0,n272-1
0.0,0.0,0.0,n273-1
0.0,0.0,0.0,n301-1
0.0,0.0,0.0,n274-1
0.0,0.0,0.0,n275-1
0.0,0.0,0.0,n276-1
0.0,0.0,0.0,n277-1
0.0,0.0,0.0,n278-1
0.0,0.0,0.0,n279-1
0.0,0.0,0.0,n302-1
0.0,0.0,0.0,n280-1
0.0,0.0,0.0,n281-1
0.0,0.0,0.0,n282-1
0.0,0.0,0.0,n283-1
0.0,0.0,0.0,n284-1
0.0,0.0,0.0,n285-1
0.0,0.0,0.0,n303-1
0.0,0.0,0.0,n286-1
0.0,0.0,0.0,n287-1
0.0,0.0,0.0,n288-1
0.0,0.0,0.0,n289-1
0.0,0.0,0.0,n290-1
0.0,0.0,0.0,n291-1
0.0,0.0,0.0,n304-1
0.0,0.0,0.0,n292-1
0.0,0.0,0.0,n293-1
0.0,0.0,0.0,n294-1
0.0,0.0,0.0,n295-1
0.0,0.0,0.0,n296-1
0.0,0.0,0.0,n297-1
0.0,0.0,0.0,n337-1
0.0,0.0,0.0,n338-1
0.0,0.0,0.0,n305-1
0.0,0.0,0.0,n306-1
0.0,0.0,0.0,n307-1
0.0,0.0,0.0,n308-1
0.0,0.0,0.0,n309-1
0.0,0.0,0.0,n310-1
0.0,0.0,0.0,n311-1
0.0,0.0,0.0,n312-1
0.0,0.0,0.0,n313-1
0.0,0.0,0.0,n314-1
0.0,0.0,0.0,n315-1
0.0,0.0,0.0,n316-1
0.0,0.0,0.0,n339-1
0.0,0.0,0.0,n317-1
0.0,0.0,0.0,n318-1
0.0,0.0,0.0,n319-1
0.0,0.0,0.0,n320-1
0.0,0.0,0.0,n340-1
0.0,0.0,0.0,n321-1
0.0,0.0,0.0,n322-1
0.0,0.0,0.0,n323-1
0.0,0.0,0.0,n324-1
0.0,0.0,0.0,n341-1
0.0,0.0,0.0,n325-1
0.0,0.0,0.0,n326-1
0.0,0.0,0.0,n327-1
0.0,0.0,0.0,n328-1
0.0,0.0,0.0,n342-1
0.0,0.0,0.0,n329-1
0.0,0.0,0.0,n330-1
0.0,0.0,0.0,n331-1
0.0,0.0,0.0,n332-1
0.0,0.0,0.0,n343-1
0.0,0.0,0.0,n333-1
0.0,0.0,0.0,n334-1
0.0,0.0,0.0,n335-1
0.0,0.0,0.0,n336-1
0.0,0.0,0.0,n392-1
0.0,0.0,0.0,n393-1
0.0,0.0,0.0,n344-1
0.0,0.0,0.0,n345-1
0.0,0.0,0.0,n346-1
0.0,0.0,0.0,n347-1
0.0,0.0,0.0,n348-1
0.0,0.0,0.0,n349-1
0.0,0.0,0.0,n350-1
0.0,0.0,0.0,n351-1
0.0,0.0,0.0,n352-1
0.0,0.0,0.0,n353-1
0.0,0.0,0.0,n354-1
0.0,0.0,0.0,n355-1
0.0,0.0,0.0,n356-1
0.0,0.0,0.0,n357-1
0.0,0.0,0.0,n358-1
0.0,0.0,0.0,n359-1
0.0,0.0,0.0,n360-1
0.0,0.0,0.0,n361-1
0.0,0.0,0.0,n394-1
0.0,0.0,0.0,n362-1
0.0,0.0,0.0,n363-1
0.0,0.0,0.0,n364-1
0.0,0.0,0.0,n365-1
0.0,0.0,0.0,n366-1
0.0,0.0,0.0,n367-1
0.0,0.0,0.0,n395-1
0.0,0.0,0.0,n368-1
0.0,0.0,0.0,n369-1
0.0,0.0,0.0,n370-1
0.0,0.0,0.0,n371-1
0.0,0.0,0.0,n372-1
0.0,0.0,0.0,n373-1
0.0,0.0,0.0,n396-1
0.0,0.0,0.0,n374-1
0.0,0.0,0.0,n375-1
0.0,0.0,0.0,n376-1
0.0,0.0,0.0,n377-1
0.0,0.0,0.0,n378-1
0.0,0.0,0.0,n379-1
0.0,0.0,0.0,n397-1
0.0,0.0,0.0,n380-1
0.0,0.0,0.0,n381-1
0.0,0.0,0.0,n382-1
0.0,0.0,0.0,n383-1
0.0,0.0,0.0,n384-1
0.0,0.0,0.0,n385-1
0.0,0.0,0.0,n398-1
0.0,0.0,0.0,n386-1
0.0,0.0,0.0,n387-1
0.0,0.0,0.0,n388-1
0.0,0.0,0.0,n389-1
0.0,0.0,0.0,n390-1
0.0,0.0,0.0,n391-1
0.0,0.0,0.0,n431-1
0.0,0.0,0.0,n432-1
0.0,0.0,0.0,n399-1
0.0,0.0,0.0,n400-1
0.0,0.0,0.0,n401-1
0.0,0.0,0.0,n402-1
0.0,0.0,0.0,n403-1
0.0,0.0,0.0,n404-1
0.0,0.0,0.0,n405-1
0.0,0.0,0.0,n406-1
0.0,0.0,0.0,n407-1
0.0,0.0,0.0,n408-1
0.0,0.0,0.0,n409-1
0.0,0.0,0.0,n410-1
0.0,0.0,0.0,n433-1
0.0,0.0,0.0,n411-1
0.0,0.0,0.0,n412-1
0.0,0.0,0.0,n413-1
0.0,0.0,0.0,n414-1
0.0,0.0,0.0,n434-1
0.0,0.0,0.0,n415-1
0.0,0.0,0.0,n416-1
0.0,0.0,0.0,n417-1
0.0,0.0,0.0,n418-1
0.0,0.0,0.0,n435-1
0.0,0.0,0.0,n419-1
0.0,0.0,0.0,n420-1
0.0,0.0,0.0,n421-1
0.0,0.0,0.0,n422-1
0.0,0.0,0.0,n436-1
0.0,0.0,0.0,n423-1
0.0,0.0,0.0,n424-1
0.0,0.0,0.0,n425-1
0.0,0.0,0.0,n426-1
0.0,0.0,0.0,n437-1
0.0,0.0,0.0,n427-1
0.0,0.0,0.0,n428-1
0.0,0.0,0.0,n429-1
0.0,0.0,0.0,n430-1
0.0,0.0,0.0,n459-1
0.0,0.0,0.0,n461-1
0.0,0.0,0.0,n457-1
0.0,0.0,0.0,n454-1
0.0,0.0,0.0,n438-1
0.0,0.0,0.0,n439-1
0.0,0.0,0.0,n440-1
0.0,0.0,0.0,n441-1
0.0,0.0,0.0,n462-1
0.0,0.0,0.0,n442-1
0.0,0.0,0.0,n443-1
0.0,0.0,0.0,n444-1
0.0,0.0,0.0,n445-1
0.0,0.0,0.0,n460-1
0.0,0.0,0.0,n463-1
0.0,0.0,0.0,n458-1
0.0,0.0,0.0,n455-1
0.0,0.0,0.0,n446-1
0.0,0.0,0.0,n447-1
0.0,0.0,0.0,n448-1
0.0,0.0,0.0,n449-1
0.0,0.0,0.0,n464-1
0.0,0.0,0.0,n456-1
0.0,0.0,0.0,n450-1
0.0,0.0,0.0,n451-1
0.0,0.0,0.0,n452-1
0.0,0.0,0.0,n453-1
0.0,0.0,0.0,n486-1
0.0,0.0,0.0,n488-1
0.0,0.0,0.0,n484-1
0.0,0.0,0.0,n481-1
0.0,0.0,0.0,n465-1
0.0,0.0,0.0,n466-1
0.0,0.0,0.0,n467-1
0.0,0.0,0.0,n468-1
0.0,0.0,0.0,n489-1
0.0,0.0,0.0,n469-1
0.0,0.0,0.0,n470-1
0.0,0.0,0.0,n471-1
0.0,0.0,0.0,n472-1
0.0,0.0,0.0,n487-1
0.0,0.0,0.0,n490-1
0.0,0.0,0.0,n485-1
0.0,0.0,0.0,n482-1
0.0,0.0,0.0,n473-1
0.0,0.0,0.0,n474-1
0.0,0.0,0.0,n475-1
0.0,0.0,0.0,n476-1
0.0,0.0,0.0,n491-1
0.0,0.0,0.0,n483-1
0.0,0.0,0.0,n477-1
0.0,0.0,0.0,n478-1
0.0,0.0,0.0,n479-1
0.0,0.0,0.0,n480-1
0.0,0.0,0.0,n518-1
0.0,0.0,0.0,n492-1
0.0,0.0,0.0,n493-1
0.0,0.0,0.0,n494-1
0.0,0.0,0.0,n495-1
0.0,0.0,0.0,n496-1
0.0,0.0,0.0,n497-1
0.0,0.0,0.0,n498-1
0.0,0.0,0.0,n499-1
0.0,0.0,0.0,n500-1
0.0,0.0,0.0,n501-1
0.0,0.0,0.0,n502-1
0.0,0.0,0.0,n503-1
0.0,0.0,0.0,n504-1
0.0,0.0,0.0,n505-1
0.0,0.0,0.0,n506-1
0.0,0.0,0.0,n507-1
0.0,0.0,0.0,n508-1
0.0,0.0,0.0,n509-1
0.0,0.0,0.0,n510-1
0.0,0.0,0.0,n511-1
0.0,0.0,0.0,n522-1
0.0,0.0,0.0,n512-1
0.0,0.0,0.0,n513-1
0.0,0.0,0.0,n523-1
0.0,0.0,0.0,n524-1
0.0,0.0,0.0,n514-1
0.0,0.0,0.0,n515-1
0.0,0.0,0.0,n525-1
0.0,0.0,0.0,n526-1
0.0,0.0,0.0,n516-1
0.0,0.0,0.0,n517-1
0.0,0.0,0.0,n527-1
0.0,0.0,0.0,n560-1
0.0,0.0,0.0,n528-1
0.0,0.0,0.0,n529-1
0.0,0.0,0.0,n530-1
0.0,0.0,0.0,n531-1
0.0,0.0,0.0,n532-1
0.0,0.0,0.0,n533-1
0.0,0.0,0.0,n534-1
0.0,0.0,0.0,n535-1
0.0,0.0,0.0,n536-1
0.0,0.0,0.0,n537-1
0.0,0.0,0.0,n562-1
0.0,0.0,0.0,n538-1
0.0,0.0,0.0,n539-1
0.0,0.0,0.0,n563-1
0.0,0.0,0.0,n564-1
0.0,0.0,0.0,n540-1
0.0,0.0,0.0,n541-1
0.0,0.0,0.0,n565-1
0.0,0.0,0.0,n566-1
0.0,0.0,0.0,n542-1
0.0,0.0,0.0,n543-1
0.0,0.0,0.0,n567-1
0.0,0.0,0.0,n568-1
0.0,0.0,0.0,n544-1
0.0,0.0,0.0,n545-1
0.0,0.0,0.0,n569-1
0.0,0.0,0.0,n546-1
0.0,0.0,0.0,n547-1
0.0,0.0,0.0,n570-1
0.0,0.0,0.0,n571-1
0.0,0.0,0.0,n548-1
0.0,0.0,0.0,n549-1
0.0,0.0,0.0,n572-1
0.0,0.0,0.0,n573-1
0.0,0.0,0.0,n550-1
0.0,0.0,0.0,n551-1
0.0,0.0,0.0,n574-1
0.0,0.0,0.0,n575-1
0.0,0.0,0.0,n552-1
0.0,0.0,0.0,n553-1
0.0,0.0,0.0,n576-1
0.0,0.0,0.0,n554-1
0.0,0.0,0.0,n555-1
0.0,0.0,0.0,n577-1
0.0,0.0,0.0,n578-1
0.0,0.0,0.0,n556-1
0.0,0.0,0.0,n557-1
0.0,0.0,0.0,n579-1
0.0,0.0,0.0,n580-1
0.0,0.0,0.0,n558-1
0.0,0.0,0.0,n559-1
0.0,0.0,0.0,n581-1
0.0,0.0,0.0,n608-1
0.0,0.0,0.0,n582-1
0.0,0.0,0.0,n583-1
0.0,0.0,0.0,n584-1
0.0,0.0,0.0,n585-1
0.0,0.0,0.0,n586-1
0.0,0.0,0.0,n587-1
0.0,0.0,0.0,n588-1
0.0,0.0,0.0,n589-1
0.0,0.0,0.0,n590-1
0.0,0.0,0.0,n591-1
0.0,0.0,0.0,n592-1
0.0,0.0,0.0,n593-1
0.0,0.0,0.0,n594-1
0.0,0.0,0.0,n595-1
0.0,0.0,0.0,n596-1
0.0,0.0,0.0,n597-1
0.0,0.0,0.0,n598-1
0.0,0.0,0.0,n599-1
0.0,0.0,0.0,n600-1
0.0,0.0,0.0,n601-1
0.0,0.0,0.0,n602-1
0.0,0.0,0.0,n603-1
0.0,0.0,0.0,n604-1
0.0,0.0,0.0,n605-1
0.0,0.0,0.0,n606-1
0.0,0.0,0.0,n607-1
0.0,0.0,0.0,n647-1
0.0,0.0,0.0,n611-1
0.0,0.0,0.0,n618-1
0.0,0.0,0.0,n619-1
0.0,0.0,0.0,n620-1
0.0,0.0,0.0,n621-1
0.0,0.0,0.0,n622-1
0.0,0.0,0.0,n623-1
0.0,0.0,0.0,n624-1
0.0,0.0,0.0,n633-1
0.0,0.0,0.0,n625-1
0.0,0.0,0.0,n634-1
0.0,0.0,0.0,n635-1
0.0,0.0,0.0,n626-1
0.0,0.0,0.0,n636-1
0.0,0.0,0.0,n637-1
0.0,0.0,0.0,n627-1
0.0,0.0,0.0,n638-1
0.0,0.0,0.0,n639-1
0.0,0.0,0.0,n628-1
0.0,0.0,0.0,n640-1
0.0,0.0,0.0,n629-1
0.0,0.0,0.0,n641-1
0.0,0.0,0.0,n630-1
0.0,0.0,0.0,n613-1
0.0,0.0,0.0,n642-1
0.0,0.0,0.0,n631-1
0.0,0.0,0.0,n643-1
0.0,0.0,0.0,n632-1
0.0,0.0,0.0,n644-1
0.0,0.0,0.0,n615-1
0.0,0.0,0.0,n645-1
0.0,0.0,0.0,n616-1
0.0,0.0,0.0,n646-1
0.0,0.0,0.0,n617-1
0.0,0.0,0.0,n674-1
0.0,0.0,0.0,n663-1
0.0,0.0,0.0,n657-1
0.0,0.0,0.0,n648-1
0.0,0.0,0.0,n664-1
0.0,0.0,0.0,n665-1
0.0,0.0,0.0,n658-1
0.0,0.0,0.0,n659-1
0.0,0.0,0.0,n660-1
0.0,0.0,0.0,n649-1
0.0,0.0,0.0,n666-1
0.0,0.0,0.0,n667-1
0.0,0.0,0.0,n650-1
0.0,0.0,0.0,n651-1
0.0,0.0,0.0,n668-1
0.0,0.0,0.0,n669-1
0.0,0.0,0.0,n661-1
0.0,0.0,0.0,n652-1
0.0,0.0,0.0,n675-1
0.0,0.0,0.0,n670-1
0.0,0.0,0.0,n662-1
0.0,0.0,0.0,n653-1
0.0,0.0,0.0,n671-1
0.0,0.0,0.0,n654-1
0.0,0.0,0.0,n672-1
0.0,0.0,0.0,n655-1
0.0,0.0,0.0,n673-1
0.0,0.0,0.0,n656-1
0.0,0.0,0.0,n692-1
0.0,0.0,0.0,n687-1
0.0,0.0,0.0,n684-1
0.0,0.0,0.0,n676-1
0.0,0.0,0.0,n677-1
0.0,0.0,0.0,n678-1
0.0,0.0,0.0,n679-1
0.0,0.0,0.0,n688-1
0.0,0.0,0.0,n689-1
0.0,0.0,0.0,n685-1
0.0,0.0,0.0,n680-1
0.0,0.0,0.0,n681-1
0.0,0.0,0.0,n690-1
0.0,0.0,0.0,n691-1
0.0,0.0,0.0,n686-1
0.0,0.0,0.0,n682-1
0.0,0.0,0.0,n683-1
0.0,0.0,0.0,n712-1
0.0,0.0,0.0,n713-1
0.0,0.0,0.0,n693-1
0.0,0.0,0.0,n694-1
0.0,0.0,0.0,n695-1
0.0,0.0,0.0,n715-1
0.0,0.0,0.0,n716-1
0.0,0.0,0.0,n696-1
0.0,0.0,0.0,n708-1
0.0,0.0,0.0,n697-1
0.0,0.0,0.0,n698-1
0.0,0.0,0.0,n717-1
0.0,0.0,0.0,n718-1
0.0,0.0,0.0,n709-1
0.0,0.0,0.0,n699-1
0.0,0.0,0.0,n700-1
0.0,0.0,0.0,n719-1
0.0,0.0,0.0,n720-1
0.0,0.0,0.0,n701-1
0.0,0.0,0.0,n702-1
0.0,0.0,0.0,n703-1
0.0,0.0,0.0,n722-1
0.0,0.0,0.0,n723-1
0.0,0.0,0.0,n710-1
0.0,0.0,0.0,n704-1
0.0,0.0,0.0,n705-1
0.0,0.0,0.0,n724-1
0.0,0.0,0.0,n725-1
0.0,0.0,0.0,n711-1
0.0,0.0,0.0,n706-1
0.0,0.0,0.0,n707-1
0.0,0.0,0.0,n738-1
0.0,0.0,0.0,n739-1
0.0,0.0,0.0,n726-1
0.0,0.0,0.0,n727-1
0.0,0.0,0.0,n728-1
0.0,0.0,0.0,n741-1
0.0,0.0,0.0,n742-1
0.0,0.0,0.0,n729-1
0.0,0.0,0.0,n730-1
0.0,0.0,0.0,n731-1
0.0,0.0,0.0,n744-1
0.0,0.0,0.0,n745-1
0.0,0.0,0.0,n736-1
0.0,0.0,0.0,n737-1
0.0,0.0,0.0,n732-1
0.0,0.0,0.0,n733-1
0.0,0.0,0.0,n734-1
0.0,0.0,0.0,n735-1
0.0,0.0,0.0,n755-1
0.0,0.0,0.0,n747-1
0.0,0.0,0.0,n756-1
0.0,0.0,0.0,n757-1
0.0,0.0,0.0,n758-1
0.0,0.0,0.0,n759-1
0.0,0.0,0.0,n748-1
0.0,0.0,0.0,n760-1
0.0,0.0,0.0,n761-1
0.0,0.0,0.0,n749-1
0.0,0.0,0.0,n762-1
0.0,0.0,0.0,n771-1
0.0,0.0,0.0,n763-1
0.0,0.0,0.0,n750-1
0.0,0.0,0.0,n764-1
0.0,0.0,0.0,n751-1
0.0,0.0,0.0,n752-1
0.0,0.0,0.0,n765-1
0.0,0.0,0.0,n753-1
0.0,0.0,0.0,n766-1
0.0,0.0,0.0,n767-1
0.0,0.0,0.0,n768-1
0.0,0.0,0.0,n769-1
0.0,0.0,0.0,n754-1
0.0,0.0,0.0,n770-1
0.0,0.0,0.0,n801-1
0.0,0.0,0.0,n790-1
0.0,0.0,0.0,n772-1
0.0,0.0,0.0,n791-1
0.0,0.0,0.0,n792-1
0.0,0.0,0.0,n774-1
0.0,0.0,0.0,n793-1
0.0,0.0,0.0,n775-1
0.0,0.0,0.0,n776-1
0.0,0.0,0.0,n777-1
0.0,0.0,0.0,n802-1
0.0,0.0,0.0,n794-1
0.0,0.0,0.0,n778-1
0.0,0.0,0.0,n795-1
0.0,0.0,0.0,n796-1
0.0,0.0,0.0,n779-1
0.0,0.0,0.0,n797-1
0.0,0.0,0.0,n803-1
0.0,0.0,0.0,n798-1
0.0,0.0,0.0,n780-1
0.0,0.0,0.0,n781-1
0.0,0.0,0.0,n782-1
0.0,0.0,0.0,n804-1
0.0,0.0,0.0,n799-1
0.0,0.0,0.0,n800-1
0.0,0.0,0.0,n783-1
0.0,0.0,0.0,n785-1
0.0,0.0,0.0,n786-1
0.0,0.0,0.0,n787-1
0.0,0.0,0.0,n788-1
0.0,0.0,0.0,n789-1
0.0,0.0,0.0,n813-1
0.0,0.0,0.0,n805-1
0.0,0.0,0.0,n814-1
0.0,0.0,0.0,n815-1
0.0,0.0,0.0,n816-1
0.0,0.0,0.0,n817-1
0.0,0.0,0.0,n806-1
0.0,0.0,0.0,n818-1
0.0,0.0,0.0,n819-1
0.0,0.0,0.0,n807-1
0.0,0.0,0.0,n820-1
0.0,0.0,0.0,n829-1
0.0,0.0,0.0,n821-1
0.0,0.0,0.0,n808-1
0.0,0.0,0.0,n822-1
0.0,0.0,0.0,n809-1
0.0,0.0,0.0,n810-1
0.0,0.0,0.0,n823-1
0.0,0.0,0.0,n811-1
0.0,0.0,0.0,n824-1
0.0,0.0,0.0,n825-1
0.0,0.0,0.0,n826-1
0.0,0.0,0.0,n827-1
0.0,0.0,0.0,n812-1
0.0,0.0,0.0,n828-1
0.0,0.0,0.0,n845-1
0.0,0.0,0.0,n864-1
0.0,0.0,0.0,n830-1
0.0,0.0,0.0,n846-1
0.0,0.0,0.0,n847-1
0.0,0.0,0.0,n832-1
0.0,0.0,0.0,n833-1
0.0,0.0,0.0,n848-1
0.0,0.0,0.0,n834-1
0.0,0.0,0.0,n835-1
0.0,0.0,0.0,n836-1
0.0,0.0,0.0,n865-1
0.0,0.0,0.0,n849-1
0.0,0.0,0.0,n837-1
0.0,0.0,0.0,n850-1
0.0,0.0,0.0,n851-1
0.0,0.0,0.0,n838-1
0.0,0.0,0.0,n839-1
0.0,0.0,0.0,n852-1
0.0,0.0,0.0,n840-1
0.0,0.0,0.0,n853-1
0.0,0.0,0.0,n854-1
0.0,0.0,0.0,n841-1
0.0,0.0,0.0,n843-1
0.0,0.0,0.0,n844-1
0.0,0.0,0.0,n856-1
0.0,0.0,0.0,n857-1
0.0,0.0,0.0,n858-1
0.0,0.0,0.0,n859-1
0.0,0.0,0.0,n860-1
0.0,0.0,0.0,n861-1
0.0,0.0,0.0,n862-1
0.0,0.0,0.0,n863-1
0.0,0.0,0.0,n755-2
0.0,0.0,0.0,n747-2
0.0,0.0,0.0,n756-2
0.0,0.0,0.0,n757-2
0.0,0.0,0.0,n758-2
0.0,0.0,0.0,n759-2
0.0,0.0,0.0,n748-2
0.0,0.0,0.0,n760-2
0.0,0.0,0.0,n761-2
0.0,0.0,0.0,n749-2
0.0,0.0,0.0,n762-2
0.0,0.0,0.0,n771-2
0.0,0.0,0.0,n763-2
0.0,0.0,0.0,n750-2
0.0,0.0,0.0,n764-2
0.0,0.0,0.0,n751-2
0.0,0.0,0.0,n752-2
0.0,0.0,0.0,n765-2
0.0,0.0,0.0,n753-2
0.0,0.0,0.0,n766-2
0.0,0.0,0.0,n767-2
0.0,0.0,0.0,n768-2
0.0,0.0,0.0,n769-2
0.0,0.0,0.0,n754-2
0.0,0.0,0.0,n770-2
0.0,0.0,0.0,n790-2
0.0,0.0,0.0,n801-2
0.0,0.0,0.0,n772-2
0.0,0.0,0.0,n791-2
0.0,0.0,0.0,n792-2
0.0,0.0,0.0,n774-2
0.0,0.0,0.0,n793-2
0.0,0.0,0.0,n775-2
0.0,0.0,0.0,n776-2
0.0,0.0,0.0,n777-2
0.0,0.0,0.0,n802-2
0.0,0.0,0.0,n794-2
0.0,0.0,0.0,n778-2
0.0,0.0,0.0,n795-2
0.0,0.0,0.0,n796-2
0.0,0.0,0.0,n779-2
0.0,0.0,0.0,n797-2
0.0,0.0,0.0,n803-2
0.0,0.0,0.0,n798-2
0.0,0.0,0.0,n780-2
0.0,0.0,0.0,n781-2
0.0,0.0,0.0,n782-2
0.0,0.0,0.0,n804-2
0.0,0.0,0.0,n799-2
0.0,0.0,0.0,n800-2
0.0,0.0,0.0,n783-2
0.0,0.0,0.0,n785-2
0.0,0.0,0.0,n786-2
0.0,0.0,0.0,n787-2
0.0,0.0,0.0,n788-2
0.0,0.0,0.0,n789-2
0.0,0.0,0.0,n813-2
0.0,0.0,0.0,n805-2
0.0,0.0,0.0,n814-2
0.0,0.0,0.0,n815-2
0.0,0.0,0.0,n816-2
0.0,0.0,0.0,n817-2
0.0,0.0,0.0,n806-2
0.0,0.0,0.0,n818-2
0.0,0.0,0.0,n819-2
0.0,0.0,0.0,n807-2
0.0,0.0,0.0,n820-2
0.0,0.0,0.0,n829-2
0.0,0.0,0.0,n821-2
0.0,0.0,0.0,n808-2
0.0,0.0,0.0,n822-2
0.0,0.0,0.0,n809-2
0.0,0.0,0.0,n810-2
0.0,0.0,0.0,n823-2
0.0,0.0,0.0,n811-2
0.0,0.0,0.0,n824-2
0.0,0.0,0.0,n825-2
0.0,0.0,0.0,n826-2
0.0,0.0,0.0,n827-2
0.0,0.0,0.0,n812-2
0.0,0.0,0.0,n828-2
0.0,0.0,0.0,n884-1
0.0,0.0,0.0,n894-1
0.0,0.0,0.0,n867-1
0.0,0.0,0.0,n885-1
0.0,0.0,0.0,n886-1
0.0,0.0,0.0,n869-1
0.0,0.0,0.0,n870-1
0.0,0.0,0.0,n887-1
0.0,0.0,0.0,n871-1
0.0,0.0,0.0,n872-1
0.0,0.0,0.0,n873-1
0.0,0.0,0.0,n895-1
0.0,0.0,0.0,n888-1
0.0,0.0,0.0,n874-1
0.0,0.0,0.0,n889-1
0.0,0.0,0.0,n890-1
0.0,0.0,0.0,n875-1
0.0,0.0,0.0,n876-1
0.0,0.0,0.0,n891-1
0.0,0.0,0.0,n877-1
0.0,0.0,0.0,n892-1
0.0,0.0,0.0,n893-1
0.0,0.0,0.0,n878-1
0.0,0.0,0.0,n879-1
0.0,0.0,0.0,n880-1
0.0,0.0,0.0,n881-1
0.0,0.0,0.0,n882-1
0.0,0.0,0.0,n883-1
0.0,0.0,0.0,n918-1
0.0,0.0,0.0,n919-1
0.0,0.0,0.0,n896-1
0.0,0.0,0.0,n897-1
0.0,0.0,0.0,n920-1
0.0,0.0,0.0,n921-1
0.0,0.0,0.0,n898-1
0.0,0.0,0.0,n899-1
0.0,0.0,0.0,n901-1
0.0,0.0,0.0,n923-1
0.0,0.0,0.0,n924-1
0.0,0.0,0.0,n902-1
0.0,0.0,0.0,n903-1
0.0,0.0,0.0,n925-1
0.0,0.0,0.0,n926-1
0.0,0.0,0.0,n904-1
0.0,0.0,0.0,n905-1
0.0,0.0,0.0,n907-1
0.0,0.0,0.0,n928-1
0.0,0.0,0.0,n929-1
0.0,0.0,0.0,n908-1
0.0,0.0,0.0,n909-1
0.0,0.0,0.0,n930-1
0.0,0.0,0.0,n931-1
0.0,0.0,0.0,n910-1
0.0,0.0,0.0,n911-1
0.0,0.0,0.0,n913-1
0.0,0.0,0.0,n914-1
0.0,0.0,0.0,n915-1
0.0,0.0,0.0,n916-1
0.0,0.0,0.0,n917-1
0.0,0.0,0.0,n962-1
0.0,0.0,0.0,n963-1
0.0,0.0,0.0,n934-1
0.0,0.0,0.0,n935-1
0.0,0.0,0.0,n964-1
0.0,0.0,0.0,n965-1
0.0,0.0,0.0,n936-1
0.0,0.0,0.0,n937-1
0.0,0.0,0.0,n939-1
0.0,0.0,0.0,n967-1
0.0,0.0,0.0,n968-1
0.0,0.0,0.0,n940-1
0.0,0.0,0.0,n941-1
0.0,0.0,0.0,n969-1
0.0,0.0,0.0,n970-1
0.0,0.0,0.0,n942-1
0.0,0.0,0.0,n943-1
0.0,0.0,0.0,n945-1
0.0,0.0,0.0,n972-1
0.0,0.0,0.0,n973-1
0.0,0.0,0.0,n946-1
0.0,0.0,0.0,n947-1
0.0,0.0,0.0,n974-1
0.0,0.0,0.0,n975-1
0.0,0.0,0.0,n948-1
0.0,0.0,0.0,n949-1
0.0,0.0,0.0,n951-1
0.0,0.0,0.0,n952-1
0.0,0.0,0.0,n953-1
0.0,0.0,0.0,n954-1
0.0,0.0,0.0,n955-1
0.0,0.0,0.0,n956-1
0.0,0.0,0.0,n957-1
0.0,0.0,0.0,n958-1
0.0,0.0,0.0,n959-1
0.0,0.0,0.0,n960-1
0.0,0.0,0.0,n961-1
0.0,0.0,0.0,n986-1
0.0,0.0,0.0,n978-1
0.0,0.0,0.0,n987-1
0.0,0.0,0.0,n988-1
0.0,0.0,0.0,n989-1
0.0,0.0,0.0,n990-1
0.0,0.0,0.0,n979-1
0.0,0.0,0.0,n991-1
0.0,0.0,0.0,n992-1
0.0,0.0,0.0,n980-1
0.0,0.0,0.0,n993-1
0.0,0.0,0.0,n1002-1
0.0,0.0,0.0,n994-1
0.0,0.0,0.0,n981-1
0.0,0.0,0.0,n995-1
0.0,0.0,0.0,n982-1
0.0,0.0,0.0,n983-1
0.0,0.0,0.0,n996-1
0.0,0.0,0.0,n984-1
0.0,0.0,0.0,n997-1
0.0,0.0,0.0,n998-1
0.0,0.0,0.0,n999-1
0.0,0.0,0.0,n1000-1
0.0,0.0,0.0,n985-1
0.0,0.0,0.0,n1001-1
0.0,0.0,0.0,n1029-1
0.0,0.0,0.0,n1009-1
0.0,0.0,0.0,n1003-1
0.0,0.0,0.0,n1010-1
0.0,0.0,0.0,n1011-1
0.0,0.0,0.0,n1004-1
0.0,0.0,0.0,n1005-1
0.0,0.0,0.0,n1012-1
0.0,0.0,0.0,n1006-1
0.0,0.0,0.0,n1007-1
0.0,0.0,0.0,n1008-1
0.0,0.0,0.0,n1030-1
0.0,0.0,0.0,n1013-1
0.0,0.0,0.0,n1031-1
0.0,0.0,0.0,n1032-1
0.0,0.0,0.0,n1014-1
0.0,0.0,0.0,n1015-1
0.0,0.0,0.0,n1033-1
0.0,0.0,0.0,n1016-1
0.0,0.0,0.0,n1034-1
0.0,0.0,0.0,n1035-1
0.0,0.0,0.0,n1017-1
0.0,0.0,0.0,n1018-1
0.0,0.0,0.0,n1019-1
0.0,0.0,0.0,n1020-1
0.0,0.0,0.0,n1021-1
0.0,0.0,0.0,n1022-1
0.0,0.0,0.0,n1023-1
0.0,0.0,0.0,n1024-1
0.0,0.0,0.0,n1025-1
0.0,0.0,0.0,n1026-1
0.0,0.0,0.0,n1027-1
0.0,0.0,0.0,n1028-1
0.0,0.0,0.0,n1048-1
0.0,0.0,0.0,n1038-1
0.0,0.0,0.0,n1049-1
0.0,0.0,0.0,n1050-1
0.0,0.0,0.0,n1051-1
0.0,0.0,0.0,n1052-1
0.0,0.0,0.0,n1039-1
0.0,0.0,0.0,n1053-1
0.0,0.0,0.0,n1040-1
0.0,0.0,0.0,n1054-1
0.0,0.0,0.0,n1041-1
0.0,0.0,0.0,n1055-1
0.0,0.0,0.0,n1042-1
0.0,0.0,0.0,n1064-1
0.0,0.0,0.0,n1056-1
0.0,0.0,0.0,n1043-1
0.0,0.0,0.0,n1057-1
0.0,0.0,0.0,n1044-1
0.0,0.0,0.0,n1045-1
0.0,0.0,0.0,n1058-1
0.0,0.0,0.0,n1046-1
0.0,0.0,0.0,n1059-1
0.0,0.0,0.0,n1060-1
0.0,0.0,0.0,n1061-1
0.0,0.0,0.0,n1062-1
0.0,0.0,0.0,n1047-1
0.0,0.0,0.0,n1063-1
0.0,0.0,0.0,n1083-1
0.0,0.0,0.0,n1092-1
0.0,0.0,0.0,n1065-1
0.0,0.0,0.0,n1084-1
0.0,0.0,0.0,n1085-1
0.0,0.0,0.0,n1067-1
0.0,0.0,0.0,n1068-1
0.0,0.0,0.0,n1086-1
0.0,0.0,0.0,n1069-1
0.0,0.0,0.0,n1070-1
0.0,0.0,0.0,n1071-1
0.0,0.0,0.0,n1093-1
0.0,0.0,0.0,n1087-1
0.0,0.0,0.0,n1072-1
0.0,0.0,0.0,n1088-1
0.0,0.0,0.0,n1089-1
0.0,0.0,0.0,n1073-1
0.0,0.0,0.0,n1074-1
0.0,0.0,0.0,n1090-1
0.0,0.0,0.0,n1075-1
0.0,0.0,0.0,n1094-1
0.0,0.0,0.0,n1091-1
0.0,0.0,0.0,n1076-1
0.0,0.0,0.0,n1078-1
0.0,0.0,0.0,n1079-1
0.0,0.0,0.0,n1080-1
0.0,0.0,0.0,n1081-1
0.0,0.0,0.0,n1082-1
0.0,0.0,0.0,n918-2
0.0,0.0,0.0,n919-2
0.0,0.0,0.0,n896-2
0.0,0.0,0.0,n897-2
0.0,0.0,0.0,n920-2
0.0,0.0,0.0,n921-2
0.0,0.0,0.0,n898-2
0.0,0.0,0.0,n899-2
0.0,0.0,0.0,n901-2
0.0,0.0,0.0,n923-2
0.0,0.0,0.0,n924-2
0.0,0.0,0.0,n902-2
0.0,0.0,0.0,n903-2
0.0,0.0,0.0,n925-2
0.0,0.0,0.0,n926-2
0.0,0.0,0.0,n904-2
0.0,0.0,0.0,n905-2
0.0,0.0,0.0,n907-2
0.0,0.0,0.0,n928-2
0.0,0.0,0.0,n929-2
0.0,0.0,0.0,n908-2
0.0,0.0,0.0,n909-2
0.0,0.0,0.0,n930-2
0.0,0.0,0.0,n931-2
0.0,0.0,0.0,n910-2
0.0,0.0,0.0,n911-2
0.0,0.0,0.0,n913-2
0.0,0.0,0.0,n914-2
0.0,0.0,0.0,n915-2
0.0,0.0,0.0,n916-2
0.0,0.0,0.0,n917-2
0.0,0.0,0.0,n962-2
0.0,0.0,0.0,n963-2
0.0,0.0,0.0,n934-2
0.0,0.0,0.0,n935-2
0.0,0.0,0.0,n964-2
0.0,0.0,0.0,n965-2
0.0,0.0,0.0,n936-2
0.0,0.0,0.0,n937-2
0.0,0.0,0.0,n939-2
0.0,0.0,0.0,n967-2
0.0,0.0,0.0,n968-2
0.0,0.0,0.0,n940-2
0.0,0.0,0.0,n941-2
0.0,0.0,0.0,n969-2
0.0,0.0,0.0,n970-2
0.0,0.0,0.0,n942-2
0.0,0.0,0.0,n943-2
0.0,0.0,0.0,n945-2
0.0,0.0,0.0,n972-2
0.0,0.0,0.0,n973-2
0.0,0.0,0.0,n946-2
0.0,0.0,0.0,n947-2
0.0,0.0,0.0,n974-2
0.0,0.0,0.0,n975-2
0.0,0.0,0.0,n948-2
0.0,0.0,0.0,n949-2
0.0,0.0,0.0,n951-2
0.0,0.0,0.0,n952-2
0.0,0.0,0.0,n953-2
0.0,0.0,0.0,n954-2
0.0,0.0,0.0,n955-2
0.0,0.0,0.0,n956-2
0.0,0.0,0.0,n957-2
0.0,0.0,0.0,n958-2
0.0,0.0,0.0,n959-2
0.0,0.0,0.0,n960-2
0.0,0.0,0.0,n961-2
0.0,0.0,0.0,n986-2
0.0,0.0,0.0,n978-2
0.0,0.0,0.0,n987-2
0.0,0.0,0.0,n988-2
0.0,0.0,0.0,n989-2
0.0,0.0,0.0,n990-2
0.0,0.0,0.0,n979-2
0.0,0.0,0.0,n991-2
0.0,0.0,0.0,n992-2
0.0,0.0,0.0,n980-2
0.0,0.0,0.0,n993-2
0.0,0.0,0.0,n1002-2
0.0,0.0,0.0,n994-2
0.0,0.0,0.0,n981-2
0.0,0.0,0.0,n995-2
0.0,0.0,0.0,n982-2
0.0,0.0,0.0,n983-2
0.0,0.0,0.0,n996-2
0.0,0.0,0.0,n984-2
0.0,0.0,0.0,n997-2
0.0,0.0,0.0,n998-2
0.0,0.0,0.0,n999-2
0.0,0.0,0.0,n1000-2
0.0,0.0,0.0,n985-2
0.0,0.0,0.0,n1001-2
0.0,0.0,0.0,n1009-2
0.0,0.0,0.0,n1029-2
0.0,0.0,0.0,n1003-2
0.0,0.0,0.0,n1010-2
0.0,0.0,0.0,n1011-2
0.0,0.0,0.0,n1004-2
0.0,0.0,0.0,n1005-2
0.0,0.0,0.0,n1012-2
0.0,0.0,0.0,n1006-2
0.0,0.0,0.0,n1007-2
0.0,0.0,0.0,n1008-2
0.0,0.0,0.0,n1030-2
0.0,0.0,0.0,n1013-2
0.0,0.0,0.0,n1031-2
0.0,0.0,0.0,n1032-2
0.0,0.0,0.0,n1014-2
0.0,0.0,0.0,n1015-2
0.0,0.0,0.0,n1033-2
0.0,0.0,0.0,n1016-2
0.0,0.0,0.0,n1034-2
0.0,0.0,0.0,n1035-2
0.0,0.0,0.0,n1017-2
0.0,0.0,0.0,n1018-2
0.0,0.0,0.0,n1019-2
0.0,0.0,0.0,n1020-2
0.0,0.0,0.0,n1021-2
0.0,0.0,0.0,n1022-2
0.0,0.0,0.0,n1023-2
0.0,0.0,0.0,n1024-2
0.0,0.0,0.0,n1025-2
0.0,0.0,0.0,n1026-2
0.0,0.0,0.0,n1027-2
0.0,0.0,0.0,n1028-2
0.0,0.0,0.0,n1105-1
0.0,0.0,0.0,n1095-1
0.0,0.0,0.0,n1106-1
0.0,0.0,0.0,n1107-1
0.0,0.0,0.0,n1108-1
0.0,0.0,0.0,n1109-1
0.0,0.0,0.0,n1096-1
0.0,0.0,0.0,n1110-1
0.0,0.0,0.0,n1097-1
0.0,0.0,0.0,n1111-1
0.0,0.0,0.0,n1098-1
0.0,0.0,0.0,n1112-1
0.0,0.0,0.0,n1099-1
0.0,0.0,0.0,n1113-1
0.0,0.0,0.0,n1114-1
0.0,0.0,0.0,n1115-1
0.0,0.0,0.0,n1100-1
0.0,0.0,0.0,n1101-1
0.0,0.0,0.0,n1102-1
0.0,0.0,0.0,n1116-1
0.0,0.0,0.0,n1117-1
0.0,0.0,0.0,n1118-1
0.0,0.0,0.0,n1103-1
0.0,0.0,0.0,n1133-1
0.0,0.0,0.0,n1134-1
0.0,0.0,0.0,n1135-1
0.0,0.0,0.0,n1120-1
0.0,0.0,0.0,n1121-1
0.0,0.0,0.0,n1122-1
0.0,0.0,0.0,n1136-1
0.0,0.0,0.0,n1137-1
0.0,0.0,0.0,n1138-1
0.0,0.0,0.0,n1123-1
0.0,0.0,0.0,n1128-1
0.0,0.0,0.0,n1129-1
0.0,0.0,0.0,n1124-1
0.0,0.0,0.0,n1125-1
0.0,0.0,0.0,n1126-1
0.0,0.0,0.0,n1130-1
0.0,0.0,0.0,n1131-1
0.0,0.0,0.0,n1132-1
0.0,0.0,0.0,n1127-1
0.0,0.0,0.0,n1142-1
0.0,0.0,0.0,n1143-1
0.0,0.0,0.0,n1144-1
0.0,0.0,0.0,n1145-1
0.0,0.0,0.0,n1147-1
0.0,0.0,0.0,n1148-1
0.0,0.0,0.0,n1149-1
0.0,0.0,0.0,n1150-1
0.0,0.0,0.0,n1175-1
0.0,0.0,0.0,n1176-1
0.0,0.0,0.0,n1167-1
0.0,0.0,0.0,n1151-1
0.0,0.0,0.0,n1152-1
0.0,0.0,0.0,n1168-1
0.0,0.0,0.0,n1153-1
0.0,0.0,0.0,n1154-1
0.0,0.0,0.0,n1169-1
0.0,0.0,0.0,n1155-1
0.0,0.0,0.0,n1156-1
0.0,0.0,0.0,n1170-1
0.0,0.0,0.0,n1157-1
0.0,0.0,0.0,n1158-1
0.0,0.0,0.0,n1171-1
0.0,0.0,0.0,n1159-1
0.0,0.0,0.0,n1160-1
0.0,0.0,0.0,n1172-1
0.0,0.0,0.0,n1161-1
0.0,0.0,0.0,n1162-1
0.0,0.0,0.0,n1177-1
0.0,0.0,0.0,n1178-1
0.0,0.0,0.0,n1173-1
0.0,0.0,0.0,n1163-1
0.0,0.0,0.0,n1164-1
0.0,0.0,0.0,n1174-1
0.0,0.0,0.0,n1165-1
0.0,0.0,0.0,n1166-1
0.0,0.0,0.0,n1203-1
0.0,0.0,0.0,n1204-1
0.0,0.0,0.0,n1195-1
0.0,0.0,0.0,n1179-1
0.0,0.0,0.0,n1180-1
0.0,0.0,0.0,n1196-1
0.0,0.0,0.0,n1181-1
0.0,0.0,0.0,n1182-1
0.0,0.0,0.0,n1205-1
0.0,0.0,0.0,n1206-1
0.0,0.0,0.0,n1197-1
0.0,0.0,0.0,n1183-1
0.0,0.0,0.0,n1184-1
0.0,0.0,0.0,n1198-1
0.0,0.0,0.0,n1185-1
0.0,0.0,0.0,n1186-1
0.0,0.0,0.0,n1207-1
0.0,0.0,0.0,n1208-1
0.0,0.0,0.0,n1199-1
0.0,0.0,0.0,n1187-1
0.0,0.0,0.0,n1188-1
0.0,0.0,0.0,n1200-1
0.0,0.0,0.0,n1189-1
0.0,0.0,0.0,n1190-1
0.0,0.0,0.0,n1209-1
0.0,0.0,0.0,n1210-1
0.0,0.0,0.0,n1201-1
0.0,0.0,0.0,n1191-1
0.0,0.0,0.0,n1192-1
0.0,0.0,0.0,n1202-1
0.0,0.0,0.0,n1193-1
0.0,0.0,0.0,n1194-1
0.0,0.0,0.0,n1221-1
0.0,0.0,0.0,n1222-1
0.0,0.0,0.0,n1211-1
0.0,0.0,0.0,n1212-1
0.0,0.0,0.0,n1213-1
0.0,0.0,0.0,n1214-1
0.0,0.0,0.0,n1215-1
0.0,0.0,0.0,n1216-1
0.0,0.0,0.0,n1223-1
0.0,0.0,0.0,n1224-1
0.0,0.0,0.0,n1225-1
0.0,0.0,0.0,n1226-1
0.0,0.0,0.0,n1217-1
0.0,0.0,0.0,n1218-1
0.0,0.0,0.0,n1219-1
0.0,0.0,0.0,n1220-1
0.0,0.0,0.0,n1227-1
0.0,0.0,0.0,n1228-1
0.0,0.0,0.0,n1245-1
0.0,0.0,0.0,n1246-1
0.0,0.0,0.0,n1231-1
0.0,0.0,0.0,n1232-1
0.0,0.0,0.0,n1233-1
0.0,0.0,0.0,n1234-1
0.0,0.0,0.0,n1235-1
0.0,0.0,0.0,n1236-1
0.0,0.0,0.0,n1237-1
0.0,0.0,0.0,n1238-1
0.0,0.0,0.0,n1239-1
0.0,0.0,0.0,n1240-1
0.0,0.0,0.0,n1241-1
0.0,0.0,0.0,n1242-1
0.0,0.0,0.0,n1243-1
0.0,0.0,0.0,n1244-1
0.0,0.0,0.0,n1259-1
0.0,0.0,0.0,n1260-1
0.0,0.0,0.0,n1249-1
0.0,0.0,0.0,n1250-1
0.0,0.0,0.0,n1252-1
0.0,0.0,0.0,n1251-1
0.0,0.0,0.0,n1253-1
0.0,0.0,0.0,n1254-1
0.0,0.0,0.0,n1255-1
0.0,0.0,0.0,n1256-1
0.0,0.0,0.0,n1264-1
0.0,0.0,0.0,n1265-1
0.0,0.0,0.0,n1258-1
0.0,0.0,0.0,n1276-1
0.0,0.0,0.0,n1277-1
0.0,0.0,0.0,n1266-1
0.0,0.0,0.0,n1267-1
0.0,0.0,0.0,n1278-1
0.0,0.0,0.0,n1279-1
0.0,0.0,0.0,n1268-1
0.0,0.0,0.0,n1270-1
0.0,0.0,0.0,n1280-1
0.0,0.0,0.0,n1281-1
0.0,0.0,0.0,n1271-1
0.0,0.0,0.0,n1272-1
0.0,0.0,0.0,n1282-1
0.0,0.0,0.0,n1283-1
0.0,0.0,0.0,n1273-1
0.0,0.0,0.0,n1275-1
0.0,0.0,0.0,n1289-1
0.0,0.0,0.0,n1290-1
0.0,0.0,0.0,n1284-1
0.0,0.0,0.0,n1285-1
0.0,0.0,0.0,n1291-1
0.0,0.0,0.0,n1292-1
0.0,0.0,0.0,n1286-1
0.0,0.0,0.0,n1287-1
0.0,0.0,0.0,n1295-1
0.0,0.0,0.0,n1296-1
0.0,0.0,0.0,n1297-1
0.0,0.0,0.0,n1298-1
0.0,0.0,0.0,n1300-1
0.0,0.0,0.0,n1301-1
0.0,0.0,0.0,n1302-1
0.0,0.0,0.0,n1303-1
0.0,0.0,0.0,n1328-1
0.0,0.0,0.0,n1329-1
0.0,0.0,0.0,n1320-1
0.0,0.0,0.0,n1304-1
0.0,0.0,0.0,n1305-1
0.0,0.0,0.0,n1321-1
0.0,0.0,0.0,n1306-1
0.0,0.0,0.0,n1307-1
0.0,0.0,0.0,n1322-1
0.0,0.0,0.0,n1308-1
0.0,0.0,0.0,n1309-1
0.0,0.0,0.0,n1323-1
0.0,0.0,0.0,n1310-1
0.0,0.0,0.0,n1311-1
0.0,0.0,0.0,n1324-1
0.0,0.0,0.0,n1312-1
0.0,0.0,0.0,n1313-1
0.0,0.0,0.0,n1325-1
0.0,0.0,0.0,n1314-1
0.0,0.0,0.0,n1315-1
0.0,0.0,0.0,n1330-1
0.0,0.0,0.0,n1331-1
0.0,0.0,0.0,n1326-1
0.0,0.0,0.0,n1316-1
0.0,0.0,0.0,n1317-1
0.0,0.0,0.0,n1327-1
0.0,0.0,0.0,n1318-1
0.0,0.0,0.0,n1319-1
0.0,0.0,0.0,n1356-1
0.0,0.0,0.0,n1357-1
0.0,0.0,0.0,n1348-1
0.0,0.0,0.0,n1332-1
0.0,0.0,0.0,n1333-1
0.0,0.0,0.0,n1349-1
0.0,0.0,0.0,n1334-1
0.0,0.0,0.0,n1335-1
0.0,0.0,0.0,n1358-1
0.0,0.0,0.0,n1359-1
0.0,0.0,0.0,n1350-1
0.0,0.0,0.0,n1336-1
0.0,0.0,0.0,n1337-1
0.0,0.0,0.0,n1351-1
0.0,0.0,0.0,n1338-1
0.0,0.0,0.0,n1339-1
0.0,0.0,0.0,n1360-1
0.0,0.0,0.0,n1361-1
0.0,0.0,0.0,n1352-1
0.0,0.0,0.0,n1340-1
0.0,0.0,0.0,n1341-1
0.0,0.0,0.0,n1353-1
0.0,0.0,0.0,n1342-1
0.0,0.0,0.0,n1343-1
0.0,0.0,0.0,n1362-1
0.0,0.0,0.0,n1363-1
0.0,0.0,0.0,n1354-1
0.0,0.0,0.0,n1344-1
0.0,0.0,0.0,n1345-1
0.0,0.0,0.0,n1355-1
0.0,0.0,0.0,n1346-1
0.0,0.0,0.0,n1347-1
0.0,0.0,0.0,n1374-1
0.0,0.0,0.0,n1375-1
0.0,0.0,0.0,n1364-1
0.0,0.0,0.0,n1365-1
0.0,0.0,0.0,n1366-1
0.0,0.0,0.0,n1367-1
0.0,0.0,0.0,n1368-1
0.0,0.0,0.0,n1369-1
0.0,0.0,0.0,n1376-1
0.0,0.0,0.0,n1377-1
0.0,0.0,0.0,n1378-1
0.0,0.0,0.0,n1379-1
0.0,0.0,0.0,n1370-1
0.0,0.0,0.0,n1371-1
0.0,0.0,0.0,n1372-1
0.0,0.0,0.0,n1373-1
0.0,0.0,0.0,n1380-1
0.0,0.0,0.0,n1381-1
0.0,0.0,0.0,n1398-1
0.0,0.0,0.0,n1399-1
0.0,0.0,0.0,n1384-1
0.0,0.0,0.0,n1385-1
0.0,0.0,0.0,n1386-1
0.0,0.0,0.0,n1387-1
0.0,0.0,0.0,n1388-1
0.0,0.0,0.0,n1389-1
0.0,0.0,0.0,n1390-1
0.0,0.0,0.0,n1391-1
0.0,0.0,0.0,n1392-1
0.0,0.0,0.0,n1393-1
0.0,0.0,0.0,n1394-1
0.0,0.0,0.0,n1395-1
0.0,0.0,0.0,n1396-1
0.0,0.0,0.0,n1397-1
0.0,0.0,0.0,n1412-1
0.0,0.0,0.0,n1413-1
0.0,0.0,0.0,n1402-1
0.0,0.0,0.0,n1403-1
0.0,0.0,0.0,n1405-1
0.0,0.0,0.0,n1404-1
0.0,0.0,0.0,n1406-1
0.0,0.0,0.0,n1407-1
0.0,0.0,0.0,n1408-1
0.0,0.0,0.0,n1409-1
0.0,0.0,0.0,n1417-1
0.0,0.0,0.0,n1418-1
0.0,0.0,0.0,n1411-1
0.0,0.0,0.0,n1429-1
0.0,0.0,0.0,n1430-1
0.0,0.0,0.0,n1419-1
0.0,0.0,0.0,n1420-1
0.0,0.0,0.0,n1431-1
0.0,0.0,0.0,n1432-1
0.0,0.0,0.0,n1421-1
0.0,0.0,0.0,n1423-1
0.0,0.0,0.0,n1433-1
0.0,0.0,0.0,n1434-1
0.0,0.0,0.0,n1424-1
0.0,0.0,0.0,n1425-1
0.0,0.0,0.0,n1435-1
0.0,0.0,0.0,n1436-1
0.0,0.0,0.0,n1426-1
0.0,0.0,0.0,n1428-1
0.0,0.0,0.0,n1444-1
0.0,0.0,0.0,n1445-1
0.0,0.0,0.0,n1437-1
0.0,0.0,0.0,n1438-1
0.0,0.0,0.0,n1446-1
0.0,0.0,0.0,n1447-1
0.0,0.0,0.0,n1439-1
0.0,0.0,0.0,n1440-1
0.0,0.0,0.0,n1443-1
0.0,0.0,0.0,n1456-1
0.0,0.0,0.0,n1457-1
0.0,0.0,0.0,n1449-1
0.0,0.0,0.0,n1450-1
0.0,0.0,0.0,n1458-1
0.0,0.0,0.0,n1459-1
0.0,0.0,0.0,n1451-1
0.0,0.0,0.0,n1452-1
0.0,0.0,0.0,n1455-1
0.0,0.0,0.0,n1468-1
0.0,0.0,0.0,n1469-1
0.0,0.0,0.0,n1461-1
0.0,0.0,0.0,n1462-1
0.0,0.0,0.0,n1463-1
0.0,0.0,0.0,n1470-1
0.0,0.0,0.0,n1471-1
0.0,0.0,0.0,n1464-1
0.0,0.0,0.0,n1465-1
0.0,0.0,0.0,n1466-1
0.0,0.0,0.0,n1474-1
0.0,0.0,0.0,n1475-1
0.0,0.0,0.0,n1476-1
0.0,0.0,0.0,n1477-1
0.0,0.0,0.0,n1478-1
0.0,0.0,0.0,n1479-1
0.0,0.0,0.0,n1480-1
0.0,0.0,0.0,n1481-1
0.0,0.0,0.0,n1483-1
0.0,0.0,0.0,n1484-1
0.0,0.0,0.0,n1485-1
0.0,0.0,0.0,n1486-1
0.0,0.0,0.0,n1487-1
0.0,0.0,0.0,n1488-1
0.0,0.0,0.0,n1489-1
0.0,0.0,0.0,n1490-1
0.0,0.0,0.0,n1494-1
0.0,0.0,0.0,n1491-1
0.0,0.0,0.0,n1495-1
0.0,0.0,0.0,n1496-1
0.0,0.0,0.0,n1497-1
0.0,0.0,0.0,n1498-1
0.0,0.0,0.0,n1499-1
0.0,0.0,0.0,n1500-1
0.0,0.0,0.0,n1501-1
0.0,0.0,0.0,n1493-1
0.0,0.0,0.0,n1505-1
0.0,0.0,0.0,n1502-1
0.0,0.0,0.0,n1506-1
0.0,0.0,0.0,n1507-1
0.0,0.0,0.0,n1508-1
0.0,0.0,0.0,n1509-1
0.0,0.0,0.0,n1503-1
0.0,0.0,0.0,n1510-1
0.0,0.0,0.0,n1511-1
0.0,0.0,0.0,n1512-1
0.0,0.0,0.0,n1521-1
0.0,0.0,0.0,n1522-1
0.0,0.0,0.0,n1514-1
0.0,0.0,0.0,n1523-1
0.0,0.0,0.0,n1515-1
0.0,0.0,0.0,n1524-1
0.0,0.0,0.0,n1516-1
0.0,0.0,0.0,n1525-1
0.0,0.0,0.0,n1517-1
0.0,0.0,0.0,n1526-1
0.0,0.0,0.0,n1518-1
0.0,0.0,0.0,n1527-1
0.0,0.0,0.0,n1519-1
0.0,0.0,0.0,n1528-1
0.0,0.0,0.0,n1520-1
0.0,0.0,0.0,n1537-1
0.0,0.0,0.0,n1529-1
0.0,0.0,0.0,n1532-1
0.0,0.0,0.0,n1530-1
0.0,0.0,0.0,n1531-1
0.0,0.0,0.0,n1538-1
0.0,0.0,0.0,n1539-1
0.0,0.0,0.0,n1540-1
0.0,0.0,0.0,n1533-1
0.0,0.0,0.0,n1534-1
0.0,0.0,0.0,n1541-1
0.0,0.0,0.0,n1535-1
0.0,0.0,0.0,n1542-1
0.0,0.0,0.0,n1543-1
0.0,0.0,0.0,n1544-1
0.0,0.0,0.0,n1548-1
0.0,0.0,0.0,n1545-1
0.0,0.0,0.0,n1549-1
0.0,0.0,0.0,n1550-1
0.0,0.0,0.0,n1551-1
0.0,0.0,0.0,n1552-1
0.0,0.0,0.0,n1553-1
0.0,0.0,0.0,n1554-1
0.0,0.0,0.0,n1555-1
0.0,0.0,0.0,n1547-1
0.0,0.0,0.0,n1559-1
0.0,0.0,0.0,n1556-1
0.0,0.0,0.0,n1560-1
0.0,0.0,0.0,n1561-1
0.0,0.0,0.0,n1562-1
0.0,0.0,0.0,n1563-1
0.0,0.0,0.0,n1557-1
0.0,0.0,0.0,n1564-1
0.0,0.0,0.0,n1565-1
0.0,0.0,0.0,n1566-1
0.0,0.0,0.0,n1575-1
0.0,0.0,0.0,n1576-1
0.0,0.0,0.0,n1568-1
0.0,0.0,0.0,n1577-1
0.0,0.0,0.0,n1569-1
0.0,0.0,0.0,n1578-1
0.0,0.0,0.0,n1570-1
0.0,0.0,0.0,n1579-1
0.0,0.0,0.0,n1571-1
0.0,0.0,0.0,n1580-1
0.0,0.0,0.0,n1572-1
0.0,0.0,0.0,n1581-1
0.0,0.0,0.0,n1573-1
0.0,0.0,0.0,n1582-1
0.0,0.0,0.0,n1574-1
0.0,0.0,0.0,n1588-1
0.0,0.0,0.0,n1583-1
0.0,0.0,0.0,n1589-1
0.0,0.0,0.0,n1590-1
0.0,0.0,0.0,n1591-1
0.0,0.0,0.0,n1592-1
0.0,0.0,0.0,n1593-1
0.0,0.0,0.0,n1585-1
0.0,0.0,0.0,n1594-1
0.0,0.0,0.0,n1586-1
0.0,0.0,0.0,n1595-1
0.0,0.0,0.0,n1587-1
0.0,0.0,0.0,n1601-1
0.0,0.0,0.0,n1596-1
0.0,0.0,0.0,n1602-1
0.0,0.0,0.0,n1603-1
0.0,0.0,0.0,n1604-1
0.0,0.0,0.0,n1605-1
0.0,0.0,0.0,n1606-1
0.0,0.0,0.0,n1598-1
0.0,0.0,0.0,n1607-1
0.0,0.0,0.0,n1599-1
0.0,0.0,0.0,n1608-1
0.0,0.0,0.0,n1600-1
0.0,0.0,0.0,n1614-1
0.0,0.0,0.0,n1609-1
0.0,0.0,0.0,n1615-1
0.0,0.0,0.0,n1616-1
0.0,0.0,0.0,n1617-1
0.0,0.0,0.0,n1618-1
0.0,0.0,0.0,n1619-1
0.0,0.0,0.0,n1611-1
0.0,0.0,0.0,n1620-1
0.0,0.0,0.0,n1612-1
0.0,0.0,0.0,n1621-1
0.0,0.0,0.0,n1613-1
0.0,0.0,0.0,n1628-1
0.0,0.0,0.0,n1622-1
0.0,0.0,0.0,n1629-1
0.0,0.0,0.0,n1630-1
0.0,0.0,0.0,n1631-1
0.0,0.0,0.0,n1624-1
0.0,0.0,0.0,n1632-1
0.0,0.0,0.0,n1625-1
0.0,0.0,0.0,n1633-1
0.0,0.0,0.0,n1634-1
0.0,0.0,0.0,n1635-1
0.0,0.0,0.0,n1627-1
0.0,0.0,0.0,n1641-1
0.0,0.0,0.0,n1636-1
0.0,0.0,0.0,n1642-1
0.0,0.0,0.0,n1643-1
0.0,0.0,0.0,n1644-1
0.0,0.0,0.0,n1645-1
0.0,0.0,0.0,n1646-1
0.0,0.0,0.0,n1638-1
0.0,0.0,0.0,n1647-1
0.0,0.0,0.0,n1639-1
0.0,0.0,0.0,n1648-1
0.0,0.0,0.0,n1640-1
0.0,0.0,0.0,n1657-1
0.0,0.0,0.0,n1649-1
0.0,0.0,0.0,n1658-1
0.0,0.0,0.0,n1650-1
0.0,0.0,0.0,n1659-1
0.0,0.0,0.0,n1660-1
0.0,0.0,0.0,n1652-1
0.0,0.0,0.0,n1661-1
0.0,0.0,0.0,n1653-1
0.0,0.0,0.0,n1662-1
0.0,0.0,0.0,n1654-1
0.0,0.0,0.0,n1663-1
0.0,0.0,0.0,n1664-1
0.0,0.0,0.0,n1656-1
0.0,0.0,0.0,n1672-1
0.0,0.0,0.0,n1665-1
0.0,0.0,0.0,n1673-1
0.0,0.0,0.0,n1666-1
0.0,0.0,0.0,n1674-1
0.0,0.0,0.0,n1675-1
0.0,0.0,0.0,n1676-1
0.0,0.0,0.0,n1677-1
0.0,0.0,0.0,n1669-1
0.0,0.0,0.0,n1678-1
0.0,0.0,0.0,n1670-1
0.0,0.0,0.0,n1679-1
0.0,0.0,0.0,n1671-1
0.0,0.0,0.0,n1690-1
0.0,0.0,0.0,n1680-1
0.0,0.0,0.0,n1691-1
0.0,0.0,0.0,n1681-1
0.0,0.0,0.0,n1692-1
0.0,0.0,0.0,n1682-1
0.0,0.0,0.0,n1693-1
0.0,0.0,0.0,n1683-1
0.0,0.0,0.0,n1684-1
0.0,0.0,0.0,n1694-1
0.0,0.0,0.0,n1685-1
0.0,0.0,0.0,n1695-1
0.0,0.0,0.0,n1686-1
0.0,0.0,0.0,n1696-1
0.0,0.0,0.0,n1687-1
0.0,0.0,0.0,n1697-1
0.0,0.0,0.0,n1688-1
0.0,0.0,0.0,n1689-1
0.0,0.0,0.0,n1710-1
0.0,0.0,0.0,n1711-1
0.0,0.0,0.0,n1699-1
0.0,0.0,0.0,n1700-1
0.0,0.0,0.0,n1701-1
0.0,0.0,0.0,n1702-1
0.0,0.0,0.0,n1703-1
0.0,0.0,0.0,n1704-1
0.0,0.0,0.0,n1705-1
0.0,0.0,0.0,n1706-1
0.0,0.0,0.0,n1712-1
0.0,0.0,0.0,n1713-1
0.0,0.0,0.0,n1707-1
0.0,0.0,0.0,n1708-1
0.0,0.0,0.0,n1709-1
0.0,0.0,0.0,n1726-1
0.0,0.0,0.0,n1727-1
0.0,0.0,0.0,n1715-1
0.0,0.0,0.0,n1716-1
0.0,0.0,0.0,n1717-1
0.0,0.0,0.0,n1718-1
0.0,0.0,0.0,n1719-1
0.0,0.0,0.0,n1720-1
0.0,0.0,0.0,n1721-1
0.0,0.0,0.0,n1722-1
0.0,0.0,0.0,n1728-1
0.0,0.0,0.0,n1729-1
0.0,0.0,0.0,n1723-1
0.0,0.0,0.0,n1724-1
0.0,0.0,0.0,n1725-1
0.0,0.0,0.0,n1742-1
0.0,0.0,0.0,n1743-1
0.0,0.0,0.0,n1731-1
0.0,0.0,0.0,n1732-1
0.0,0.0,0.0,n1733-1
0.0,0.0,0.0,n1734-1
0.0,0.0,0.0,n1735-1
0.0,0.0,0.0,n1736-1
0.0,0.0,0.0,n1737-1
0.0,0.0,0.0,n1738-1
0.0,0.0,0.0,n1744-1
0.0,0.0,0.0,n1745-1
0.0,0.0,0.0,n1739-1
0.0,0.0,0.0,n1740-1
0.0,0.0,0.0,n1741-1
0.0,0.0,0.0,n1758-1
0.0,0.0,0.0,n1759-1
0.0,0.0,0.0,n1746-1
0.0,0.0,0.0,n1747-1
0.0,0.0,0.0,n1748-1
0.0,0.0,0.0,n1749-1
0.0,0.0,0.0,n1750-1
0.0,0.0,0.0,n1751-1
0.0,0.0,0.0,n1760-1
0.0,0.0,0.0,n1761-1
0.0,0.0,0.0,n1752-1
0.0,0.0,0.0,n1753-1
0.0,0.0,0.0,n1754-1
0.0,0.0,0.0,n1755-1
0.0,0.0,0.0,n1756-1
0.0,0.0,0.0,n1757-1
0.0,0.0,0.0,n1774-1
0.0,0.0,0.0,n1775-1
0.0,0.0,0.0,n1762-1
0.0,0.0,0.0,n1763-1
0.0,0.0,0.0,n1764-1
0.0,0.0,0.0,n1765-1
0.0,0.0,0.0,n1766-1
0.0,0.0,0.0,n1767-1
0.0,0.0,0.0,n1776-1
0.0,0.0,0.0,n1777-1
0.0,0.0,0.0,n1768-1
0.0,0.0,0.0,n1769-1
0.0,0.0,0.0,n1770-1
0.0,0.0,0.0,n1771-1
0.0,0.0,0.0,n1772-1
0.0,0.0,0.0,n1773-1
0.0,0.0,0.0,n1786-1
0.0,0.0,0.0,n1787-1
0.0,0.0,0.0,n1779-1
0.0,0.0,0.0,n1780-1
0.0,0.0,0.0,n1781-1
0.0,0.0,0.0,n1782-1
0.0,0.0,0.0,n1783-1
0.0,0.0,0.0,n1784-1
0.0,0.0,0.0,n1785-1
0.0,0.0,0.0,n1788-1
0.0,0.0,0.0,n1789-1
0.0,0.0,0.0,n1790-1
0.0,0.0,0.0,n1791-1
0.0,0.0,0.0,n1792-1
0.0,0.0,0.0,n1793-1
0.0,0.0,0.0,n1794-1
0.0,0.0,0.0,n1795-1
0.0,0.0,0.0,n1798-1
0.0,0.0,0.0,n1799-1
0.0,0.0,0.0,n1800-1
0.0,0.0,0.0,n1801-1
0.0,0.0,0.0,n1802-1
0.0,0.0,0.0,n1803-1
0.0,0.0,0.0,n1804-1
0.0,0.0,0.0,n1805-1
0.0,0.0,0.0,n1806-1
0.0,0.0,0.0,n1807-1
0.0,0.0,0.0,n1808-1
0.0,0.0,0.0,n1809-1
0.0,0.0,0.0,n1814-1
0.0,0.0,0.0,n1815-1
0.0,0.0,0.0,n1816-1
0.0,0.0,0.0,n1817-1
0.0,0.0,0.0,n1818-1
0.0,0.0,0.0,n1819-1
0.0,0.0,0.0,n1820-1
0.0,0.0,0.0,n1821-1
0.0,0.0,0.0,n1842-1
0.0,0.0,0.0,n1823-1
0.0,0.0,0.0,n1825-1
0.0,0.0,0.0,n1826-1
0.0,0.0,0.0,n1827-1
0.0,0.0,0.0,n1828-1
0.0,0.0,0.0,n1829-1
0.0,0.0,0.0,n1830-1
0.0,0.0,0.0,n1831-1
0.0,0.0,0.0,n1832-1
0.0,0.0,0.0,n1833-1
0.0,0.0,0.0,n1834-1
0.0,0.0,0.0,n1835-1
0.0,0.0,0.0,n1836-1
0.0,0.0,0.0,n1837-1
0.0,0.0,0.0,n1838-1
0.0,0.0,0.0,n1839-1
0.0,0.0,0.0,n1840-1
0.0,0.0,0.0,n1841-1
0.0,0.0,0.0,n1861-1
0.0,0.0,0.0,n1862-1
0.0,0.0,0.0,n1863-1
0.0,0.0,0.0,n1864-1
0.0,0.0,0.0,n1844-1
0.0,0.0,0.0,n1846-1
0.0,0.0,0.0,n1847-1
0.0,0.0,0.0,n1848-1
0.0,0.0,0.0,n1849-1
0.0,0.0,0.0,n1850-1
0.0,0.0,0.0,n1851-1
0.0,0.0,0.0,n1852-1
0.0,0.0,0.0,n1865-1
0.0,0.0,0.0,n1866-1
0.0,0.0,0.0,n1867-1
0.0,0.0,0.0,n1853-1
0.0,0.0,0.0,n1854-1
0.0,0.0,0.0,n1855-1
0.0,0.0,0.0,n1856-1
0.0,0.0,0.0,n1857-1
0.0,0.0,0.0,n1858-1
0.0,0.0,0.0,n1859-1
0.0,0.0,0.0,n1860-1
0.0,0.0,0.0,n1868-1
0.0,0.0,0.0,n1869-1
0.0,0.0,0.0,n1872-1
0.0,0.0,0.0,n1873-1
0.0,0.0,0.0,n1874-1
0.0,0.0,0.0,n1875-1
0.0,0.0,0.0,n1876-1
0.0,0.0,0.0,n1877-1
0.0,0.0,0.0,n1878-1
0.0,0.0,0.0,n1879-1
0.0,0.0,0.0,n1880-1
0.0,0.0,0.0,n1881-1
0.0,0.0,0.0,n1882-1
0.0,0.0,0.0,n1883-1
0.0,0.0,0.0,n1884-1
0.0,0.0,0.0,n1885-1
0.0,0.0,0.0,n1888-1
0.0,0.0,0.0,n1889-1
0.0,0.0,0.0,n1890-1
0.0,0.0,0.0,n1891-1
0.0,0.0,0.0,n1892-1
0.0,0.0,0.0,n1893-1
0.0,0.0,0.0,n1894-1
0.0,0.0,0.0,n1895-1
0.0,0.0,0.0,n1896-1
0.0,0.0,0.0,n1897-1
0.0,0.0,0.0,n1898-1
0.0,0.0,0.0,n1899-1
0.0,0.0,0.0,n1900-1
0.0,0.0,0.0,n1901-1
0.0,0.0,0.0,n1902-1
0.0,0.0,0.0,n1903-1
0.0,0.0,0.0,n1949-1
0.0,0.0,0.0,n1950-1
0.0,0.0,0.0,n1951-1
0.0,0.0,0.0,n1904-1
0.0,0.0,0.0,n1905-1
0.0,0.0,0.0,n1906-1
0.0,0.0,0.0,n1907-1
0.0,0.0,0.0,n1908-1
0.0,0.0,0.0,n1909-1
0.0,0.0,0.0,n1910-1
0.0,0.0,0.0,n1911-1
0.0,0.0,0.0,n1912-1
0.0,0.0,0.0,n1913-1
0.0,0.0,0.0,n1914-1
0.0,0.0,0.0,n1915-1
0.0,0.0,0.0,n1916-1
0.0,0.0,0.0,n1917-1
0.0,0.0,0.0,n1918-1
0.0,0.0,0.0,n1919-1
0.0,0.0,0.0,n1920-1
0.0,0.0,0.0,n1921-1
0.0,0.0,0.0,n1922-1
0.0,0.0,0.0,n1923-1
0.0,0.0,0.0,n1924-1
0.0,0.0,0.0,n1925-1
0.0,0.0,0.0,n1926-1
0.0,0.0,0.0,n1927-1
0.0,0.0,0.0,n1928-1
0.0,0.0,0.0,n1929-1
0.0,0.0,0.0,n1930-1
0.0,0.0,0.0,n1931-1
0.0,0.0,0.0,n1932-1
0.0,0.0,0.0,n1933-1
0.0,0.0,0.0,n1934-1
0.0,0.0,0.0,n1935-1
0.0,0.0,0.0,n1936-1
0.0,0.0,0.0,n1937-1
0.0,0.0,0.0,n1938-1
0.0,0.0,0.0,n1939-1
0.0,0.0,0.0,n1940-1
0.0,0.0,0.0,n1941-1
0.0,0.0,0.0,n1942-1
0.0,0.0,0.0,n1943-1
0.0,0.0,0.0,n1944-1
0.0,0.0,0.0,n1945-1
0.0,0.0,0.0,n1946-1
0.0,0.0,0.0,n1947-1
0.0,0.0,0.0,n1948-1
0.0,0.0,0.0,n1960-1
0.0,0.0,0.0,n1961-1
0.0,0.0,0.0,n1958-1
0.0,0.0,0.0,n1952-1
0.0,0.0,0.0,n1953-1
0.0,0.0,0.0,n1954-1
0.0,0.0,0.0,n1962-1
0.0,0.0,0.0,n1963-1
0.0,0.0,0.0,n1955-1
0.0,0.0,0.0,n1957-1
0.0,0.0,0.0,n1978-1
0.0,0.0,0.0,n1979-1
0.0,0.0,0.0,n1974-1
0.0,0.0,0.0,n1966-1
0.0,0.0,0.0,n1967-1
0.0,0.0,0.0,n1968-1
0.0,0.0,0.0,n1980-1
0.0,0.0,0.0,n1969-1
0.0,0.0,0.0,n1975-1
0.0,0.0,0.0,n1970-1
0.0,0.0,0.0,n1983-1
0.0,0.0,0.0,n1984-1
0.0,0.0,0.0,n1976-1
0.0,0.0,0.0,n1977-1
0.0,0.0,0.0,n1971-1
0.0,0.0,0.0,n1972-1
0.0,0.0,0.0,n1973-1
0.0,0.0,0.0,n1999-1
0.0,0.0,0.0,n2000-1
0.0,0.0,0.0,n1994-1
0.0,0.0,0.0,n1985-1
0.0,0.0,0.0,n2001-1
0.0,0.0,0.0,n2002-1
0.0,0.0,0.0,n1995-1
0.0,0.0,0.0,n1986-1
0.0,0.0,0.0,n1987-1
0.0,0.0,0.0,n2004-1
0.0,0.0,0.0,n1996-1
0.0,0.0,0.0,n1988-1
0.0,0.0,0.0,n1989-1
0.0,0.0,0.0,n2005-1
0.0,0.0,0.0,n1997-1
0.0,0.0,0.0,n1990-1
0.0,0.0,0.0,n1991-1
0.0,0.0,0.0,n2006-1
0.0,0.0,0.0,n1998-1
0.0,0.0,0.0,n1992-1
0.0,0.0,0.0,n1993-1
0.0,0.0,0.0,n2015-1
0.0,0.0,0.0,n2016-1
0.0,0.0,0.0,n2007-1
0.0,0.0,0.0,n2018-1
0.0,0.0,0.0,n2008-1
0.0,0.0,0.0,n2010-1
0.0,0.0,0.0,n2011-1
0.0,0.0,0.0,n2012-1
0.0,0.0,0.0,n2013-1
0.0,0.0,0.0,n2014-1
0.0,0.0,0.0,n2032-1
0.0,0.0,0.0,n2029-1
0.0,0.0,0.0,n2021-1
0.0,0.0,0.0,n2033-1
0.0,0.0,0.0,n2022-1
0.0,0.0,0.0,n2034-1
0.0,0.0,0.0,n2023-1
0.0,0.0,0.0,n2035-1
0.0,0.0,0.0,n2030-1
0.0,0.0,0.0,n2024-1
0.0,0.0,0.0,n2025-1
0.0,0.0,0.0,n2037-1
0.0,0.0,0.0,n2031-1
0.0,0.0,0.0,n2026-1
0.0,0.0,0.0,n2038-1
0.0,0.0,0.0,n2027-1
0.0,0.0,0.0,n2039-1
0.0,0.0,0.0,n2028-1
0.0,0.0,0.0,n2050-1
0.0,0.0,0.0,n2048-1
0.0,0.0,0.0,n2049-1
0.0,0.0,0.0,n2040-1
0.0,0.0,0.0,n2051-1
0.0,0.0,0.0,n2041-1
0.0,0.0,0.0,n2052-1
0.0,0.0,0.0,n2042-1
0.0,0.0,0.0,n2055-1
0.0,0.0,0.0,n2043-1
0.0,0.0,0.0,n2053-1
0.0,0.0,0.0,n2045-1
0.0,0.0,0.0,n2054-1
0.0,0.0,0.0,n2046-1
0.0,0.0,0.0,n2047-1
0.0,0.0,0.0,n2070-1
0.0,0.0,0.0,n2065-1
0.0,0.0,0.0,n2064-1
0.0,0.0,0.0,n2056-1
0.0,0.0,0.0,n2057-1
0.0,0.0,0.0,n2058-1
0.0,0.0,0.0,n2071-1
0.0,0.0,0.0,n2066-1
0.0,0.0,0.0,n2060-1
0.0,0.0,0.0,n2067-1
0.0,0.0,0.0,n2061-1
0.0,0.0,0.0,n2072-1
0.0,0.0,0.0,n2068-1
0.0,0.0,0.0,n2062-1
0.0,0.0,0.0,n2069-1
0.0,0.0,0.0,n2063-1
0.0,0.0,0.0,n2085-1
0.0,0.0,0.0,n2081-1
0.0,0.0,0.0,n2073-1
0.0,0.0,0.0,n2074-1
0.0,0.0,0.0,n2082-1
0.0,0.0,0.0,n2075-1
0.0,0.0,0.0,n2076-1
0.0,0.0,0.0,n2083-1
0.0,0.0,0.0,n2084-1
0.0,0.0,0.0,n2077-1
0.0,0.0,0.0,n2078-1
0.0,0.0,0.0,n2094-1
0.0,0.0,0.0,n2095-1
0.0,0.0,0.0,n2096-1
0.0,0.0,0.0,n2086-1
0.0,0.0,0.0,n2087-1
0.0,0.0,0.0,n2088-1
0.0,0.0,0.0,n2097-1
0.0,0.0,0.0,n2098-1
0.0,0.0,0.0,n2089-1
0.0,0.0,0.0,n2093-1
0.0,0.0,0.0,n2114-1
0.0,0.0,0.0,n2115-1
0.0,0.0,0.0,n2110-1
0.0,0.0,0.0,n2102-1
0.0,0.0,0.0,n2103-1
0.0,0.0,0.0,n2104-1
0.0,0.0,0.0,n2116-1
0.0,0.0,0.0,n2105-1
0.0,0.0,0.0,n2111-1
0.0,0.0,0.0,n2106-1
0.0,0.0,0.0,n2119-1
0.0,0.0,0.0,n2120-1
0.0,0.0,0.0,n2112-1
0.0,0.0,0.0,n2113-1
0.0,0.0,0.0,n2107-1
0.0,0.0,0.0,n2108-1
0.0,0.0,0.0,n2109-1
0.0,0.0,0.0,n2135-1
0.0,0.0,0.0,n2136-1
0.0,0.0,0.0,n2130-1
0.0,0.0,0.0,n2121-1
0.0,0.0,0.0,n2137-1
0.0,0.0,0.0,n2138-1
0.0,0.0,0.0,n2131-1
0.0,0.0,0.0,n2122-1
0.0,0.0,0.0,n2123-1
0.0,0.0,0.0,n2140-1
0.0,0.0,0.0,n2132-1
0.0,0.0,0.0,n2124-1
0.0,0.0,0.0,n2125-1
0.0,0.0,0.0,n2141-1
0.0,0.0,0.0,n2133-1
0.0,0.0,0.0,n2126-1
0.0,0.0,0.0,n2127-1
0.0,0.0,0.0,n2142-1
0.0,0.0,0.0,n2134-1
0.0,0.0,0.0,n2128-1
0.0,0.0,0.0,n2129-1
0.0,0.0,0.0,n2153-1
0.0,0.0,0.0,n2143-1
0.0,0.0,0.0,n2144-1
0.0,0.0,0.0,n2154-1
0.0,0.0,0.0,n2145-1
0.0,0.0,0.0,n2146-1
0.0,0.0,0.0,n2148-1
0.0,0.0,0.0,n2149-1
0.0,0.0,0.0,n2150-1
0.0,0.0,0.0,n2151-1
0.0,0.0,0.0,n2152-1
0.0,0.0,0.0,n2166-1
0.0,0.0,0.0,n2157-1
0.0,0.0,0.0,n2167-1
0.0,0.0,0.0,n2158-1
0.0,0.0,0.0,n2168-1
0.0,0.0,0.0,n2159-1
0.0,0.0,0.0,n2169-1
0.0,0.0,0.0,n2160-1
0.0,0.0,0.0,n2162-1
0.0,0.0,0.0,n2171-1
0.0,0.0,0.0,n2163-1
0.0,0.0,0.0,n2172-1
0.0,0.0,0.0,n2164-1
0.0,0.0,0.0,n2173-1
0.0,0.0,0.0,n2165-1
0.0,0.0,0.0,n2187-1
0.0,0.0,0.0,n2184-1
0.0,0.0,0.0,n2174-1
0.0,0.0,0.0,n2175-1
0.0,0.0,0.0,n2176-1
0.0,0.0,0.0,n2177-1
0.0,0.0,0.0,n2188-1
0.0,0.0,0.0,n2178-1
0.0,0.0,0.0,n2179-1
0.0,0.0,0.0,n2185-1
0.0,0.0,0.0,n2186-1
0.0,0.0,0.0,n2181-1
0.0,0.0,0.0,n2182-1
0.0,0.0,0.0,n2183-1
0.0,0.0,0.0,n2205-1
0.0,0.0,0.0,n2206-1
0.0,0.0,0.0,n2189-1
0.0,0.0,0.0,n2190-1
0.0,0.0,0.0,n2207-1
0.0,0.0,0.0,n2191-1
0.0,0.0,0.0,n2192-1
0.0,0.0,0.0,n2193-1
0.0,0.0,0.0,n2194-1
0.0,0.0,0.0,n2195-1
0.0,0.0,0.0,n2196-1
0.0,0.0,0.0,n2208-1
0.0,0.0,0.0,n2209-1
0.0,0.0,0.0,n2197-1
0.0,0.0,0.0,n2198-1
0.0,0.0,0.0,n2199-1
0.0,0.0,0.0,n2200-1
0.0,0.0,0.0,n2201-1
0.0,0.0,0.0,n2202-1
0.0,0.0,0.0,n2203-1
0.0,0.0,0.0,n2204-1
0.0,0.0,0.0,n2219-1
0.0,0.0,0.0,n2215-1
0.0,0.0,0.0,n2210-1
0.0,0.0,0.0,n2211-1
0.0,0.0,0.0,n2216-1
0.0,0.0,0.0,n2212-1
0.0,0.0,0.0,n2217-1
0.0,0.0,0.0,n2218-1
0.0,0.0,0.0,n2213-1
0.0,0.0,0.0,n2234-1
0.0,0.0,0.0,n2220-1
0.0,0.0,0.0,n2221-1
0.0,0.0,0.0,n2235-1
0.0,0.0,0.0,n2236-1
0.0,0.0,0.0,n2237-1
0.0,0.0,0.0,n2238-1
0.0,0.0,0.0,n2239-1
0.0,0.0,0.0,n2224-1
0.0,0.0,0.0,n2225-1
0.0,0.0,0.0,n2240-1
0.0,0.0,0.0,n2226-1
0.0,0.0,0.0,n2227-1
0.0,0.0,0.0,n2241-1
0.0,0.0,0.0,n2228-1
0.0,0.0,0.0,n2229-1
0.0,0.0,0.0,n2242-1
0.0,0.0,0.0,n2230-1
0.0,0.0,0.0,n2231-1
0.0,0.0,0.0,n2243-1
0.0,0.0,0.0,n2244-1
0.0,0.0,0.0,n2232-1
0.0,0.0,0.0,n2233-1
0.0,0.0,0.0,n2245-1
0.0,0.0,0.0,n2257-1
0.0,0.0,0.0,n2246-1
0.0,0.0,0.0,n2247-1
0.0,0.0,0.0,n2258-1
0.0,0.0,0.0,n2259-1
0.0,0.0,0.0,n2248-1
0.0,0.0,0.0,n2249-1
0.0,0.0,0.0,n2260-1
0.0,0.0,0.0,n2261-1
0.0,0.0,0.0,n2250-1
0.0,0.0,0.0,n2251-1
0.0,0.0,0.0,n2262-1
0.0,0.0,0.0,n2263-1
0.0,0.0,0.0,n2252-1
0.0,0.0,0.0,n2253-1
0.0,0.0,0.0,n2264-1
0.0,0.0,0.0,n2265-1
0.0,0.0,0.0,n2254-1
0.0,0.0,0.0,n2255-1
0.0,0.0,0.0,n2266-1
0.0,0.0,0.0,n2267-1
0.0,0.0,0.0,n2268-1
0.0,0.0,0.0,n2283-1
0.0,0.0,0.0,n2269-1
0.0,0.0,0.0,n2270-1
0.0,0.0,0.0,n2284-1
0.0,0.0,0.0,n2285-1
0.0,0.0,0.0,n2286-1
0.0,0.0,0.0,n2287-1
0.0,0.0,0.0,n2288-1
0.0,0.0,0.0,n2273-1
0.0,0.0,0.0,n2274-1
0.0,0.0,0.0,n2289-1
0.0,0.0,0.0,n2275-1
0.0,0.0,0.0,n2276-1
0.0,0.0,0.0,n2290-1
0.0,0.0,0.0,n2277-1
0.0,0.0,0.0,n2278-1
0.0,0.0,0.0,n2291-1
0.0,0.0,0.0,n2279-1
0.0,0.0,0.0,n2280-1
0.0,0.0,0.0,n2292-1
0.0,0.0,0.0,n2293-1
0.0,0.0,0.0,n2281-1
0.0,0.0,0.0,n2282-1
0.0,0.0,0.0,n2294-1
0.0,0.0,0.0,n2306-1
0.0,0.0,0.0,n2295-1
0.0,0.0,0.0,n2296-1
0.0,0.0,0.0,n2307-1
0.0,0.0,0.0,n2308-1
0.0,0.0,0.0,n2297-1
0.0,0.0,0.0,n2298-1
0.0,0.0,0.0,n2309-1
0.0,0.0,0.0,n2310-1
0.0,0.0,0.0,n2299-1
0.0,0.0,0.0,n2300-1
0.0,0.0,0.0,n2311-1
0.0,0.0,0.0,n2312-1
0.0,0.0,0.0,n2301-1
0.0,0.0,0.0,n2302-1
0.0,0.0,0.0,n2313-1
0.0,0.0,0.0,n2314-1
0.0,0.0,0.0,n2303-1
0.0,0.0,0.0,n2304-1
0.0,0.0,0.0,n2326-1
0.0,0.0,0.0,n2324-1
0.0,0.0,0.0,n2316-1
0.0,0.0,0.0,n2327-1
0.0,0.0,0.0,n2317-1
0.0,0.0,0.0,n2328-1
0.0,0.0,0.0,n2318-1
0.0,0.0,0.0,n2329-1
0.0,0.0,0.0,n2319-1
0.0,0.0,0.0,n2320-1
0.0,0.0,0.0,n2321-1
0.0,0.0,0.0,n2322-1
0.0,0.0,0.0,n2323-1
0.0,0.0,0.0,n2343-1
0.0,0.0,0.0,n2342-1
0.0,0.0,0.0,n2332-1
0.0,0.0,0.0,n2333-1
0.0,0.0,0.0,n2334-1
0.0,0.0,0.0,n2344-1
0.0,0.0,0.0,n2335-1
0.0,0.0,0.0,n2336-1
0.0,0.0,0.0,n2337-1
0.0,0.0,0.0,n2345-1
0.0,0.0,0.0,n2338-1
0.0,0.0,0.0,n2339-1
0.0,0.0,0.0,n2340-1
0.0,0.0,0.0,n2341-1
0.0,0.0,0.0,n2358-1
0.0,0.0,0.0,n2359-1
0.0,0.0,0.0,n2346-1
0.0,0.0,0.0,n2347-1
0.0,0.0,0.0,n2348-1
0.0,0.0,0.0,n2360-1
0.0,0.0,0.0,n2361-1
0.0,0.0,0.0,n2350-1
0.0,0.0,0.0,n2351-1
0.0,0.0,0.0,n2352-1
0.0,0.0,0.0,n2364-1
0.0,0.0,0.0,n2362-1
0.0,0.0,0.0,n2353-1
0.0,0.0,0.0,n2354-1
0.0,0.0,0.0,n2363-1
0.0,0.0,0.0,n2357-1
0.0,0.0,0.0,n2355-1
0.0,0.0,0.0,n2356-1
0.0,0.0,0.0,n2374-1
0.0,0.0,0.0,n2371-1
0.0,0.0,0.0,n2369-1
0.0,0.0,0.0,n2365-1
0.0,0.0,0.0,n2372-1
0.0,0.0,0.0,n2366-1
0.0,0.0,0.0,n2370-1
0.0,0.0,0.0,n2375-1
0.0,0.0,0.0,n2373-1
0.0,0.0,0.0,n2367-1
0.0,0.0,0.0,n2368-1
0.0,0.0,0.0,n2394-1
0.0,0.0,0.0,n2376-1
0.0,0.0,0.0,n2377-1
0.0,0.0,0.0,n2395-1
0.0,0.0,0.0,n2396-1
0.0,0.0,0.0,n2397-1
0.0,0.0,0.0,n2398-1
0.0,0.0,0.0,n2399-1
0.0,0.0,0.0,n2380-1
0.0,0.0,0.0,n2381-1
0.0,0.0,0.0,n2400-1
0.0,0.0,0.0,n2382-1
0.0,0.0,0.0,n2383-1
0.0,0.0,0.0,n2401-1
0.0,0.0,0.0,n2384-1
0.0,0.0,0.0,n2385-1
0.0,0.0,0.0,n2402-1
0.0,0.0,0.0,n2386-1
0.0,0.0,0.0,n2387-1
0.0,0.0,0.0,n2403-1
0.0,0.0,0.0,n2388-1
0.0,0.0,0.0,n2389-1
0.0,0.0,0.0,n2404-1
0.0,0.0,0.0,n2390-1
0.0,0.0,0.0,n2391-1
0.0,0.0,0.0,n2405-1
0.0,0.0,0.0,n2392-1
0.0,0.0,0.0,n2393-1
0.0,0.0,0.0,n2425-1
0.0,0.0,0.0,n2406-1
0.0,0.0,0.0,n2407-1
0.0,0.0,0.0,n2426-1
0.0,0.0,0.0,n2408-1
0.0,0.0,0.0,n2409-1
0.0,0.0,0.0,n2427-1
0.0,0.0,0.0,n2410-1
0.0,0.0,0.0,n2411-1
0.0,0.0,0.0,n2428-1
0.0,0.0,0.0,n2412-1
0.0,0.0,0.0,n2413-1
0.0,0.0,0.0,n2429-1
0.0,0.0,0.0,n2414-1
0.0,0.0,0.0,n2415-1
0.0,0.0,0.0,n2430-1
0.0,0.0,0.0,n2416-1
0.0,0.0,0.0,n2417-1
0.0,0.0,0.0,n2431-1
0.0,0.0,0.0,n2418-1
0.0,0.0,0.0,n2419-1
0.0,0.0,0.0,n2432-1
0.0,0.0,0.0,n2420-1
0.0,0.0,0.0,n2421-1
0.0,0.0,0.0,n2433-1
0.0,0.0,0.0,n2422-1
0.0,0.0,0.0,n2423-1
0.0,0.0,0.0,n2434-1
0.0,0.0,0.0,n2435-1
0.0,0.0,0.0,n2436-1
0.0,0.0,0.0,n2455-1
0.0,0.0,0.0,n2437-1
0.0,0.0,0.0,n2438-1
0.0,0.0,0.0,n2456-1
0.0,0.0,0.0,n2457-1
0.0,0.0,0.0,n2458-1
0.0,0.0,0.0,n2459-1
0.0,0.0,0.0,n2460-1
0.0,0.0,0.0,n2441-1
0.0,0.0,0.0,n2442-1
0.0,0.0,0.0,n2461-1
0.0,0.0,0.0,n2443-1
0.0,0.0,0.0,n2444-1
0.0,0.0,0.0,n2462-1
0.0,0.0,0.0,n2445-1
0.0,0.0,0.0,n2446-1
0.0,0.0,0.0,n2463-1
0.0,0.0,0.0,n2447-1
0.0,0.0,0.0,n2448-1
0.0,0.0,0.0,n2464-1
0.0,0.0,0.0,n2449-1
0.0,0.0,0.0,n2450-1
0.0,0.0,0.0,n2465-1
0.0,0.0,0.0,n2451-1
0.0,0.0,0.0,n2452-1
0.0,0.0,0.0,n2466-1
0.0,0.0,0.0,n2453-1
0.0,0.0,0.0,n2454-1
0.0,0.0,0.0,n2486-1
0.0,0.0,0.0,n2467-1
0.0,0.0,0.0,n2468-1
0.0,0.0,0.0,n2487-1
0.0,0.0,0.0,n2469-1
0.0,0.0,0.0,n2470-1
0.0,0.0,0.0,n2488-1
0.0,0.0,0.0,n2471-1
0.0,0.0,0.0,n2472-1
0.0,0.0,0.0,n2489-1
0.0,0.0,0.0,n2473-1
0.0,0.0,0.0,n2474-1
0.0,0.0,0.0,n2490-1
0.0,0.0,0.0,n2475-1
0.0,0.0,0.0,n2476-1
0.0,0.0,0.0,n2491-1
0.0,0.0,0.0,n2477-1
0.0,0.0,0.0,n2478-1
0.0,0.0,0.0,n2492-1
0.0,0.0,0.0,n2479-1
0.0,0.0,0.0,n2480-1
0.0,0.0,0.0,n2493-1
0.0,0.0,0.0,n2481-1
0.0,0.0,0.0,n2482-1
0.0,0.0,0.0,n2494-1
0.0,0.0,0.0,n2483-1
0.0,0.0,0.0,n2484-1
0.0,0.0,0.0,n2507-1
0.0,0.0,0.0,n2505-1
0.0,0.0,0.0,n2496-1
0.0,0.0,0.0,n2508-1
0.0,0.0,0.0,n2497-1
0.0,0.0,0.0,n2509-1
0.0,0.0,0.0,n2498-1
0.0,0.0,0.0,n2510-1
0.0,0.0,0.0,n2499-1
0.0,0.0,0.0,n2501-1
0.0,0.0,0.0,n2502-1
0.0,0.0,0.0,n2503-1
0.0,0.0,0.0,n2504-1
0.0,0.0,0.0,n2522-1
0.0,0.0,0.0,n2521-1
0.0,0.0,0.0,n2511-1
0.0,0.0,0.0,n2512-1
0.0,0.0,0.0,n2513-1
0.0,0.0,0.0,n2523-1
0.0,0.0,0.0,n2514-1
0.0,0.0,0.0,n2515-1
0.0,0.0,0.0,n2516-1
0.0,0.0,0.0,n2524-1
0.0,0.0,0.0,n2517-1
0.0,0.0,0.0,n2518-1
0.0,0.0,0.0,n2519-1
0.0,0.0,0.0,n2520-1
0.0,0.0,0.0,n2541-1
0.0,0.0,0.0,n2538-1
0.0,0.0,0.0,n2525-1
0.0,0.0,0.0,n2526-1
0.0,0.0,0.0,n2527-1
0.0,0.0,0.0,n2542-1
0.0,0.0,0.0,n2539-1
0.0,0.0,0.0,n2536-1
0.0,0.0,0.0,n2529-1
0.0,0.0,0.0,n2530-1
0.0,0.0,0.0,n2531-1
0.0,0.0,0.0,n2540-1
0.0,0.0,0.0,n2537-1
0.0,0.0,0.0,n2532-1
0.0,0.0,0.0,n2533-1
0.0,0.0,0.0,n2534-1
0.0,0.0,0.0,n2535-1
0.0,0.0,0.0,n2549-1
0.0,0.0,0.0,n2550-1
0.0,0.0,0.0,n2543-1
0.0,0.0,0.0,n2544-1
0.0,0.0,0.0,n2551-1
0.0,0.0,0.0,n2552-1
0.0,0.0,0.0,n2545-1
0.0,0.0,0.0,n2546-1
0.0,0.0,0.0,n2566-1
0.0,0.0,0.0,n2564-1
0.0,0.0,0.0,n2555-1
0.0,0.0,0.0,n2567-1
0.0,0.0,0.0,n2556-1
0.0,0.0,0.0,n2568-1
0.0,0.0,0.0,n2557-1
0.0,0.0,0.0,n2569-1
0.0,0.0,0.0,n2558-1
0.0,0.0,0.0,n2560-1
0.0,0.0,0.0,n2561-1
0.0,0.0,0.0,n2562-1
0.0,0.0,0.0,n2563-1
0.0,0.0,0.0,n2578-1
0.0,0.0,0.0,n2579-1
0.0,0.0,0.0,n2570-1
0.0,0.0,0.0,n2571-1
0.0,0.0,0.0,n2572-1
0.0,0.0,0.0,n2576-1
0.0,0.0,0.0,n2577-1
0.0,0.0,0.0,n2573-1
0.0,0.0,0.0,n2574-1
0.0,0.0,0.0,n2575-1
0.0,0.0,0.0,n2591-1
0.0,0.0,0.0,n2589-1
0.0,0.0,0.0,n2586-1
0.0,0.0,0.0,n2592-1
0.0,0.0,0.0,n2587-1
0.0,0.0,0.0,n2593-1
0.0,0.0,0.0,n2581-1
0.0,0.0,0.0,n2588-1
0.0,0.0,0.0,n2594-1
0.0,0.0,0.0,n2582-1
0.0,0.0,0.0,n2583-1
0.0,0.0,0.0,n2584-1
0.0,0.0,0.0,n2585-1
0.0,0.0,0.0,n2603-1
0.0,0.0,0.0,n2604-1
0.0,0.0,0.0,n2595-1
0.0,0.0,0.0,n2596-1
0.0,0.0,0.0,n2597-1
0.0,0.0,0.0,n2601-1
0.0,0.0,0.0,n2602-1
0.0,0.0,0.0,n2598-1
0.0,0.0,0.0,n2599-1
0.0,0.0,0.0,n2600-1
0.0,0.0,0.0,n2616-1
0.0,0.0,0.0,n2614-1
0.0,0.0,0.0,n2611-1
0.0,0.0,0.0,n2617-1
0.0,0.0,0.0,n2612-1
0.0,0.0,0.0,n2618-1
0.0,0.0,0.0,n2606-1
0.0,0.0,0.0,n2613-1
0.0,0.0,0.0,n2619-1
0.0,0.0,0.0,n2607-1
0.0,0.0,0.0,n2608-1
0.0,0.0,0.0,n2609-1
0.0,0.0,0.0,n2610-1
0.0,0.0,0.0,n2627-1
0.0,0.0,0.0,n2628-1
0.0,0.0,0.0,n2620-1
0.0,0.0,0.0,n2621-1
0.0,0.0,0.0,n2622-1
0.0,0.0,0.0,n2630-1
0.0,0.0,0.0,n2631-1
0.0,0.0,0.0,n2623-1
0.0,0.0,0.0,n2624-1
0.0,0.0,0.0,n2625-1
0.0,0.0,0.0,n2641-1
0.0,0.0,0.0,n2642-1
0.0,0.0,0.0,n2634-1
0.0,0.0,0.0,n2635-1
0.0,0.0,0.0,n2636-1
0.0,0.0,0.0,n2644-1
0.0,0.0,0.0,n2645-1
0.0,0.0,0.0,n2637-1
0.0,0.0,0.0,n2638-1
0.0,0.0,0.0,n2639-1
0.0,0.0,0.0,n2672-1
0.0,0.0,0.0,n2673-1
0.0,0.0,0.0,n2648-1
0.0,0.0,0.0,n2649-1
0.0,0.0,0.0,n2650-1
0.0,0.0,0.0,n2651-1
0.0,0.0,0.0,n2652-1
0.0,0.0,0.0,n2653-1
0.0,0.0,0.0,n2654-1
0.0,0.0,0.0,n2655-1
0.0,0.0,0.0,n2656-1
0.0,0.0,0.0,n2657-1
0.0,0.0,0.0,n2658-1
0.0,0.0,0.0,n2659-1
0.0,0.0,0.0,n2675-1
0.0,0.0,0.0,n2660-1
0.0,0.0,0.0,n2676-1
0.0,0.0,0.0,n2661-1
0.0,0.0,0.0,n2677-1
0.0,0.0,0.0,n2662-1
0.0,0.0,0.0,n2678-1
0.0,0.0,0.0,n2663-1
0.0,0.0,0.0,n2679-1
0.0,0.0,0.0,n2664-1
0.0,0.0,0.0,n2680-1
0.0,0.0,0.0,n2665-1
0.0,0.0,0.0,n2681-1
0.0,0.0,0.0,n2666-1
0.0,0.0,0.0,n2682-1
0.0,0.0,0.0,n2667-1
0.0,0.0,0.0,n2683-1
0.0,0.0,0.0,n2668-1
0.0,0.0,0.0,n2684-1
0.0,0.0,0.0,n2669-1
0.0,0.0,0.0,n2685-1
0.0,0.0,0.0,n2670-1
0.0,0.0,0.0,n2686-1
0.0,0.0,0.0,n2671-1
0.0,0.0,0.0,n2711-1
0.0,0.0,0.0,n2712-1
0.0,0.0,0.0,n2687-1
0.0,0.0,0.0,n2688-1
0.0,0.0,0.0,n2689-1
0.0,0.0,0.0,n2690-1
0.0,0.0,0.0,n2691-1
0.0,0.0,0.0,n2692-1
0.0,0.0,0.0,n2693-1
0.0,0.0,0.0,n2694-1
0.0,0.0,0.0,n2695-1
0.0,0.0,0.0,n2696-1
0.0,0.0,0.0,n2697-1
0.0,0.0,0.0,n2698-1
0.0,0.0,0.0,n2714-1
0.0,0.0,0.0,n2699-1
0.0,0.0,0.0,n2715-1
0.0,0.0,0.0,n2700-1
0.0,0.0,0.0,n2716-1
0.0,0.0,0.0,n2701-1
0.0,0.0,0.0,n2717-1
0.0,0.0,0.0,n2702-1
0.0,0.0,0.0,n2718-1
0.0,0.0,0.0,n2703-1
0.0,0.0,0.0,n2719-1
0.0,0.0,0.0,n2704-1
0.0,0.0,0.0,n2720-1
0.0,0.0,0.0,n2705-1
0.0,0.0,0.0,n2721-1
0.0,0.0,0.0,n2706-1
0.0,0.0,0.0,n2722-1
0.0,0.0,0.0,n2707-1
0.0,0.0,0.0,n2723-1
0.0,0.0,0.0,n2708-1
0.0,0.0,0.0,n2724-1
0.0,0.0,0.0,n2709-1
0.0,0.0,0.0,n2725-1
0.0,0.0,0.0,n2710-1
0.0,0.0,0.0,n2750-1
0.0,0.0,0.0,n2751-1
0.0,0.0,0.0,n2726-1
0.0,0.0,0.0,n2727-1
0.0,0.0,0.0,n2728-1
0.0,0.0,0.0,n2729-1
0.0,0.0,0.0,n2730-1
0.0,0.0,0.0,n2731-1
0.0,0.0,0.0,n2732-1
0.0,0.0,0.0,n2733-1
0.0,0.0,0.0,n2734-1
0.0,0.0,0.0,n2735-1
0.0,0.0,0.0,n2736-1
0.0,0.0,0.0,n2737-1
0.0,0.0,0.0,n2753-1
0.0,0.0,0.0,n2738-1
0.0,0.0,0.0,n2754-1
0.0,0.0,0.0,n2739-1
0.0,0.0,0.0,n2755-1
0.0,0.0,0.0,n2740-1
0.0,0.0,0.0,n2756-1
0.0,0.0,0.0,n2741-1
0.0,0.0,0.0,n2757-1
0.0,0.0,0.0,n2742-1
0.0,0.0,0.0,n2758-1
0.0,0.0,0.0,n2743-1
0.0,0.0,0.0,n2759-1
0.0,0.0,0.0,n2744-1
0.0,0.0,0.0,n2760-1
0.0,0.0,0.0,n2745-1
0.0,0.0,0.0,n2761-1
0.0,0.0,0.0,n2746-1
0.0,0.0,0.0,n2762-1
0.0,0.0,0.0,n2747-1
0.0,0.0,0.0,n2763-1
0.0,0.0,0.0,n2748-1
0.0,0.0,0.0,n2764-1
0.0,0.0,0.0,n2749-1
0.0,0.0,0.0,n2789-1
0.0,0.0,0.0,n2790-1
0.0,0.0,0.0,n2765-1
0.0,0.0,0.0,n2766-1
0.0,0.0,0.0,n2767-1
0.0,0.0,0.0,n2768-1
0.0,0.0,0.0,n2769-1
0.0,0.0,0.0,n2770-1
0.0,0.0,0.0,n2771-1
0.0,0.0,0.0,n2772-1
0.0,0.0,0.0,n2773-1
0.0,0.0,0.0,n2774-1
0.0,0.0,0.0,n2775-1
0.0,0.0,0.0,n2776-1
0.0,0.0,0.0,n2792-1
0.0,0.0,0.0,n2777-1
0.0,0.0,0.0,n2793-1
0.0,0.0,0.0,n2778-1
0.0,0.0,0.0,n2794-1
0.0,0.0,0.0,n2779-1
0.0,0.0,0.0,n2795-1
0.0,0.0,0.0,n2780-1
0.0,0.0,0.0,n2796-1
0.0,0.0,0.0,n2781-1
0.0,0.0,0.0,n2797-1
0.0,0.0,0.0,n2782-1
0.0,0.0,0.0,n2798-1
0.0,0.0,0.0,n2783-1
0.0,0.0,0.0,n2799-1
0.0,0.0,0.0,n2784-1
0.0,0.0,0.0,n2800-1
0.0,0.0,0.0,n2785-1
0.0,0.0,0.0,n2801-1
0.0,0.0,0.0,n2786-1
0.0,0.0,0.0,n2802-1
0.0,0.0,0.0,n2787-1
0.0,0.0,0.0,n2803-1
0.0,0.0,0.0,n2788-1
0.0,0.0,0.0,n2828-1
0.0,0.0,0.0,n2829-1
0.0,0.0,0.0,n2804-1
0.0,0.0,0.0,n2805-1
0.0,0.0,0.0,n2806-1
0.0,0.0,0.0,n2807-1
0.0,0.0,0.0,n2808-1
0.0,0.0,0.0,n2809-1
0.0,0.0,0.0,n2810-1
0.0,0.0,0.0,n2811-1
0.0,0.0,0.0,n2812-1
0.0,0.0,0.0,n2813-1
0.0,0.0,0.0,n2814-1
0.0,0.0,0.0,n2815-1
0.0,0.0,0.0,n2831-1
0.0,0.0,0.0,n2816-1
0.0,0.0,0.0,n2832-1
0.0,0.0,0.0,n2817-1
0.0,0.0,0.0,n2833-1
0.0,0.0,0.0,n2818-1
0.0,0.0,0.0,n2834-1
0.0,0.0,0.0,n2819-1
0.0,0.0,0.0,n2835-1
0.0,0.0,0.0,n2820-1
0.0,0.0,0.0,n2836-1
0.0,0.0,0.0,n2821-1
0.0,0.0,0.0,n2837-1
0.0,0.0,0.0,n2822-1
0.0,0.0,0.0,n2838-1
0.0,0.0,0.0,n2823-1
0.0,0.0,0.0,n2839-1
0.0,0.0,0.0,n2824-1
0.0,0.0,0.0,n2840-1
0.0,0.0,0.0,n2825-1
0.0,0.0,0.0,n2841-1
0.0,0.0,0.0,n2826-1
0.0,0.0,0.0,n2842-1
0.0,0.0,0.0,n2827-1
0.0,0.0,0.0,n2867-1
0.0,0.0,0.0,n2868-1
0.0,0.0,0.0,n2843-1
0.0,0.0,0.0,n2844-1
0.0,0.0,0.0,n2845-1
0.0,0.0,0.0,n2846-1
0.0,0.0,0.0,n2847-1
0.0,0.0,0.0,n2848-1
0.0,0.0,0.0,n2849-1
0.0,0.0,0.0,n2850-1
0.0,0.0,0.0,n2851-1
0.0,0.0,0.0,n2852-1
0.0,0.0,0.0,n2853-1
0.0,0.0,0.0,n2854-1
0.0,0.0,0.0,n2870-1
0.0,0.0,0.0,n2855-1
0.0,0.0,0.0,n2871-1
0.0,0.0,0.0,n2856-1
0.0,0.0,0.0,n2872-1
0.0,0.0,0.0,n2857-1
0.0,0.0,0.0,n2873-1
0.0,0.0,0.0,n2858-1
0.0,0.0,0.0,n2874-1
0.0,0.0,0.0,n2859-1
0.0,0.0,0.0,n2875-1
0.0,0.0,0.0,n2860-1
0.0,0.0,0.0,n2876-1
0.0,0.0,0.0,n2861-1
0.0,0.0,0.0,n2877-1
0.0,0.0,0.0,n2862-1
0.0,0.0,0.0,n2878-1
0.0,0.0,0.0,n2863-1
0.0,0.0,0.0,n2879-1
0.0,0.0,0.0,n2864-1
0.0,0.0,0.0,n2880-1
0.0,0.0,0.0,n2865-1
0.0,0.0,0.0,n2881-1
0.0,0.0,0.0,n2866-1
0.0,0.0,0.0,n2906-1
0.0,0.0,0.0,n2907-1
0.0,0.0,0.0,n2882-1
0.0,0.0,0.0,n2883-1
0.0,0.0,0.0,n2884-1
0.0,0.0,0.0,n2885-1
0.0,0.0,0.0,n2886-1
0.0,0.0,0.0,n2887-1
0.0,0.0,0.0,n2909-1
0.0,0.0,0.0,n2888-1
0.0,0.0,0.0,n2910-1
0.0,0.0,0.0,n2889-1
0.0,0.0,0.0,n2911-1
0.0,0.0,0.0,n2912-1
0.0,0.0,0.0,n2890-1
0.0,0.0,0.0,n2891-1
0.0,0.0,0.0,n2892-1
0.0,0.0,0.0,n2893-1
0.0,0.0,0.0,n2894-1
0.0,0.0,0.0,n2895-1
0.0,0.0,0.0,n2914-1
0.0,0.0,0.0,n2896-1
0.0,0.0,0.0,n2915-1
0.0,0.0,0.0,n2897-1
0.0,0.0,0.0,n2916-1
0.0,0.0,0.0,n2917-1
0.0,0.0,0.0,n2898-1
0.0,0.0,0.0,n2899-1
0.0,0.0,0.0,n2900-1
0.0,0.0,0.0,n2901-1
0.0,0.0,0.0,n2902-1
0.0,0.0,0.0,n2903-1
0.0,0.0,0.0,n2919-1
0.0,0.0,0.0,n2904-1
0.0,0.0,0.0,n2920-1
0.0,0.0,0.0,n2905-1
0.0,0.0,0.0,n2921-1
0.0,0.0,0.0,n2946-1
0.0,0.0,0.0,n2922-1
0.0,0.0,0.0,n2923-1
0.0,0.0,0.0,n2924-1
0.0,0.0,0.0,n2925-1
0.0,0.0,0.0,n2926-1
0.0,0.0,0.0,n2927-1
0.0,0.0,0.0,n2948-1
0.0,0.0,0.0,n2928-1
0.0,0.0,0.0,n2949-1
0.0,0.0,0.0,n2929-1
0.0,0.0,0.0,n2950-1
0.0,0.0,0.0,n2951-1
0.0,0.0,0.0,n2930-1
0.0,0.0,0.0,n2931-1
0.0,0.0,0.0,n2932-1
0.0,0.0,0.0,n2933-1
0.0,0.0,0.0,n2934-1
0.0,0.0,0.0,n2935-1
0.0,0.0,0.0,n2953-1
0.0,0.0,0.0,n2936-1
0.0,0.0,0.0,n2954-1
0.0,0.0,0.0,n2937-1
0.0,0.0,0.0,n2955-1
0.0,0.0,0.0,n2956-1
0.0,0.0,0.0,n2938-1
0.0,0.0,0.0,n2939-1
0.0,0.0,0.0,n2940-1
0.0,0.0,0.0,n2941-1
0.0,0.0,0.0,n2942-1
0.0,0.0,0.0,n2943-1
0.0,0.0,0.0,n2958-1
0.0,0.0,0.0,n2944-1
0.0,0.0,0.0,n2959-1
0.0,0.0,0.0,n2945-1
0.0,0.0,0.0,n2960-1
0.0,0.0,0.0,n2985-1
0.0,0.0,0.0,n2961-1
0.0,0.0,0.0,n2962-1
0.0,0.0,0.0,n2963-1
0.0,0.0,0.0,n2964-1
0.0,0.0,0.0,n2965-1
0.0,0.0,0.0,n2966-1
0.0,0.0,0.0,n2987-1
0.0,0.0,0.0,n2967-1
0.0,0.0,0.0,n2988-1
0.0,0.0,0.0,n2968-1
0.0,0.0,0.0,n2989-1
0.0,0.0,0.0,n2990-1
0.0,0.0,0.0,n2969-1
0.0,0.0,0.0,n2970-1
0.0,0.0,0.0,n2971-1
0.0,0.0,0.0,n2972-1
0.0,0.0,0.0,n2973-1
0.0,0.0,0.0,n2974-1
0.0,0.0,0.0,n2992-1
0.0,0.0,0.0,n2975-1
0.0,0.0,0.0,n2993-1
0.0,0.0,0.0,n2976-1
0.0,0.0,0.0,n2994-1
0.0,0.0,0.0,n2995-1
0.0,0.0,0.0,n2977-1
0.0,0.0,0.0,n2978-1
0.0,0.0,0.0,n2979-1
0.0,0.0,0.0,n2980-1
0.0,0.0,0.0,n2981-1
0.0,0.0,0.0,n2982-1
0.0,0.0,0.0,n2997-1
0.0,0.0,0.0,n2983-1
0.0,0.0,0.0,n2998-1
0.0,0.0,0.0,n2984-1
0.0,0.0,0.0,n2999-1
0.0,0.0,0.0,n3024-1
0.0,0.0,0.0,n3000-1
0.0,0.0,0.0,n3001-1
0.0,0.0,0.0,n3002-1
0.0,0.0,0.0,n3003-1
0.0,0.0,0.0,n3004-1
0.0,0.0,0.0,n3005-1
0.0,0.0,0.0,n3006-1
0.0,0.0,0.0,n3007-1
0.0,0.0,0.0,n3025-1
0.0,0.0,0.0,n3008-1
0.0,0.0,0.0,n3009-1
0.0,0.0,0.0,n3010-1
0.0,0.0,0.0,n3011-1
0.0,0.0,0.0,n3012-1
0.0,0.0,0.0,n3013-1
0.0,0.0,0.0,n3014-1
0.0,0.0,0.0,n3015-1
0.0,0.0,0.0,n3026-1
0.0,0.0,0.0,n3016-1
0.0,0.0,0.0,n3017-1
0.0,0.0,0.0,n3018-1
0.0,0.0,0.0,n3019-1
0.0,0.0,0.0,n3020-1
0.0,0.0,0.0,n3021-1
0.0,0.0,0.0,n3022-1
0.0,0.0,0.0,n3023-1
0.0,0.0,0.0,n3051-1
0.0,0.0,0.0,n3027-1
0.0,0.0,0.0,n3028-1
0.0,0.0,0.0,n3029-1
0.0,0.0,0.0,n3030-1
0.0,0.0,0.0,n3031-1
0.0,0.0,0.0,n3032-1
0.0,0.0,0.0,n3033-1
0.0,0.0,0.0,n3034-1
0.0,0.0,0.0,n3052-1
0.0,0.0,0.0,n3035-1
0.0,0.0,0.0,n3036-1
0.0,0.0,0.0,n3037-1
0.0,0.0,0.0,n3038-1
0.0,0.0,0.0,n3039-1
0.0,0.0,0.0,n3040-1
0.0,0.0,0.0,n3041-1
0.0,0.0,0.0,n3042-1
0.0,0.0,0.0,n3053-1
0.0,0.0,0.0,n3043-1
0.0,0.0,0.0,n3044-1
0.0,0.0,0.0,n3045-1
0.0,0.0,0.0,n3046-1
0.0,0.0,0.0,n3047-1
0.0,0.0,0.0,n3048-1
0.0,0.0,0.0,n3049-1
0.0,0.0,0.0,n3050-1
0.0,0.0,0.0,n3078-1
0.0,0.0,0.0,n3054-1
0.0,0.0,0.0,n3055-1
0.0,0.0,0.0,n3056-1
0.0,0.0,0.0,n3057-1
0.0,0.0,0.0,n3058-1
0.0,0.0,0.0,n3059-1
0.0,0.0,0.0,n3060-1
0.0,0.0,0.0,n3061-1
0.0,0.0,0.0,n3062-1
0.0,0.0,0.0,n3063-1
0.0,0.0,0.0,n3064-1
0.0,0.0,0.0,n3065-1
0.0,0.0,0.0,n3066-1
0.0,0.0,0.0,n3067-1
0.0,0.0,0.0,n3068-1
0.0,0.0,0.0,n3069-1
0.0,0.0,0.0,n3070-1
0.0,0.0,0.0,n3071-1
0.0,0.0,0.0,n3072-1
0.0,0.0,0.0,n3073-1
0.0,0.0,0.0,n3074-1
0.0,0.0,0.0,n3075-1
0.0,0.0,0.0,n3076-1
0.0,0.0,0.0,n3077-1
0.0,0.0,0.0,n3103-1
0.0,0.0,0.0,n3079-1
0.0,0.0,0.0,n3080-1
0.0,0.0,0.0,n3081-1
0.0,0.0,0.0,n3082-1
0.0,0.0,0.0,n3083-1
0.0,0.0,0.0,n3084-1
0.0,0.0,0.0,n3085-1
0.0,0.0,0.0,n3086-1
0.0,0.0,0.0,n3087-1
0.0,0.0,0.0,n3088-1
0.0,0.0,0.0,n3089-1
0.0,0.0,0.0,n3090-1
0.0,0.0,0.0,n3091-1
0.0,0.0,0.0,n3092-1
0.0,0.0,0.0,n3093-1
0.0,0.0,0.0,n3094-1
0.0,0.0,0.0,n3095-1
0.0,0.0,0.0,n3096-1
0.0,0.0,0.0,n3097-1
0.0,0.0,0.0,n3098-1
0.0,0.0,0.0,n3099-1
0.0,0.0,0.0,n3100-1
0.0,0.0,0.0,n3101-1
0.0,0.0,0.0,n3102-1
0.0,0.0,0.0,n3116-1
0.0,0.0,0.0,n3104-1
0.0,0.0,0.0,n3105-1
0.0,0.0,0.0,n3106-1
0.0,0.0,0.0,n3107-1
0.0,0.0,0.0,n3108-1
0.0,0.0,0.0,n3109-1
0.0,0.0,0.0,n3110-1
0.0,0.0,0.0,n3111-1
0.0,0.0,0.0,n3112-1
0.0,0.0,0.0,n3113-1
0.0,0.0,0.0,n3114-1
0.0,0.0,0.0,n3115-1
0.0,0.0,0.0,n3119-1
0.0,0.0,0.0,n3120-1
0.0,0.0,0.0,n3121-1
0.0,0.0,0.0,n3122-1
0.0,0.0,0.0,n3123-1
0.0,0.0,0.0,n3124-1
0.0,0.0,0.0,n3125-1
0.0,0.0,0.0,n3126-1
0.0,0.0,0.0,n3127-1
0.0,0.0,0.0,n3128-1
0.0,0.0,0.0,n3129-1
0.0,0.0,0.0,n3130-1
0.0,0.0,0.0,n3132-1
0.0,0.0,0.0,n3133-1
0.0,0.0,0.0,n3134-1
0.0,0.0,0.0,n3135-1
0.0,0.0,0.0,n3136-1
0.0,0.0,0.0,n3137-1
0.0,0.0,0.0,n3138-1
0.0,0.0,0.0,n3139-1
0.0,0.0,0.0,n3140-1
0.0,0.0,0.0,n3141-1
0.0,0.0,0.0,n3142-1
0.0,0.0,0.0,n3143-1
0.0,0.0,0.0,n3154-1
0.0,0.0,0.0,n3155-1
0.0,0.0,0.0,n3156-1
0.0,0.0,0.0,n3145-1
0.0,0.0,0.0,n3147-1
0.0,0.0,0.0,n3148-1
0.0,0.0,0.0,n3149-1
0.0,0.0,0.0,n3150-1
0.0,0.0,0.0,n3151-1
0.0,0.0,0.0,n3152-1
0.0,0.0,0.0,n3153-1
0.0,0.0,0.0,n3159-1
0.0,0.0,0.0,n3160-1
0.0,0.0,0.0,n3161-1
0.0,0.0,0.0,n3162-1
0.0,0.0,0.0,n3163-1
0.0,0.0,0.0,n3175-1
0.0,0.0,0.0,n3176-1
0.0,0.0,0.0,n3164-1
0.0,0.0,0.0,n3165-1
0.0,0.0,0.0,n3166-1
0.0,0.0,0.0,n3177-1
0.0,0.0,0.0,n3178-1
0.0,0.0,0.0,n3167-1
0.0,0.0,0.0,n3168-1
0.0,0.0,0.0,n3169-1
0.0,0.0,0.0,n3179-1
0.0,0.0,0.0,n3180-1
0.0,0.0,0.0,n3170-1
0.0,0.0,0.0,n3171-1
0.0,0.0,0.0,n3172-1
0.0,0.0,0.0,n3186-1
0.0,0.0,0.0,n3187-1
0.0,0.0,0.0,n3181-1
0.0,0.0,0.0,n3182-1
0.0,0.0,0.0,n3183-1
0.0,0.0,0.0,n3189-1
0.0,0.0,0.0,n3190-1
0.0,0.0,0.0,n3191-1
0.0,0.0,0.0,n3192-1
0.0,0.0,0.0,n3193-1
0.0,0.0,0.0,n3194-1
0.0,0.0,0.0,n3195-1
0.0,0.0,0.0,n3205-1
0.0,0.0,0.0,n3206-1
0.0,0.0,0.0,n3207-1
0.0,0.0,0.0,n3208-1
0.0,0.0,0.0,n3209-1
0.0,0.0,0.0,n3210-1
0.0,0.0,0.0,n3211-1
0.0,0.0,0.0,n3196-1
0.0,0.0,0.0,n3197-1
0.0,0.0,0.0,n3198-1
0.0,0.0,0.0,n3212-1
0.0,0.0,0.0,n3213-1
0.0,0.0,0.0,n3199-1
0.0,0.0,0.0,n3200-1
0.0,0.0,0.0,n3201-1
0.0,0.0,0.0,n3214-1
0.0,0.0,0.0,n3215-1
0.0,0.0,0.0,n3202-1
0.0,0.0,0.0,n3203-1
0.0,0.0,0.0,n3204-1
0.0,0.0,0.0,n3227-1
0.0,0.0,0.0,n3228-1
0.0,0.0,0.0,n3216-1
0.0,0.0,0.0,n3217-1
0.0,0.0,0.0,n3218-1
0.0,0.0,0.0,n3220-1
0.0,0.0,0.0,n3221-1
0.0,0.0,0.0,n3222-1
0.0,0.0,0.0,n3223-1
0.0,0.0,0.0,n3224-1
0.0,0.0,0.0,n3225-1
0.0,0.0,0.0,n3226-1
0.0,0.0,0.0,n3231-1
0.0,0.0,0.0,n3232-1
0.0,0.0,0.0,n3233-1
0.0,0.0,0.0,n3234-1
0.0,0.0,0.0,n3235-1
0.0,0.0,0.0,n3246-1
0.0,0.0,0.0,n3247-1
0.0,0.0,0.0,n3236-1
0.0,0.0,0.0,n3237-1
0.0,0.0,0.0,n3238-1
0.0,0.0,0.0,n3248-1
0.0,0.0,0.0,n3249-1
0.0,0.0,0.0,n3239-1
0.0,0.0,0.0,n3240-1
0.0,0.0,0.0,n3241-1
0.0,0.0,0.0,n3250-1
0.0,0.0,0.0,n3251-1
0.0,0.0,0.0,n3242-1
0.0,0.0,0.0,n3243-1
0.0,0.0,0.0,n3262-1
0.0,0.0,0.0,n3263-1
0.0,0.0,0.0,n3252-1
0.0,0.0,0.0,n3253-1
0.0,0.0,0.0,n3254-1
0.0,0.0,0.0,n3255-1
0.0,0.0,0.0,n3256-1
0.0,0.0,0.0,n3257-1
0.0,0.0,0.0,n3258-1
0.0,0.0,0.0,n3259-1
0.0,0.0,0.0,n3260-1
0.0,0.0,0.0,n3261-1
0.0,0.0,0.0,n3275-1
0.0,0.0,0.0,n3276-1
0.0,0.0,0.0,n3277-1
0.0,0.0,0.0,n3278-1
0.0,0.0,0.0,n3279-1
0.0,0.0,0.0,n3280-1
0.0,0.0,0.0,n3281-1
0.0,0.0,0.0,n3266-1
0.0,0.0,0.0,n3267-1
0.0,0.0,0.0,n3268-1
0.0,0.0,0.0,n3282-1
0.0,0.0,0.0,n3283-1
0.0,0.0,0.0,n3269-1
0.0,0.0,0.0,n3270-1
0.0,0.0,0.0,n3271-1
0.0,0.0,0.0,n3284-1
0.0,0.0,0.0,n3285-1
0.0,0.0,0.0,n3272-1
0.0,0.0,0.0,n3273-1
0.0,0.0,0.0,n3274-1
0.0,0.0,0.0,n3297-1
0.0,0.0,0.0,n3298-1
0.0,0.0,0.0,n3286-1
0.0,0.0,0.0,n3287-1
0.0,0.0,0.0,n3288-1
0.0,0.0,0.0,n3290-1
0.0,0.0,0.0,n3291-1
0.0,0.0,0.0,n3292-1
0.0,0.0,0.0,n3293-1
0.0,0.0,0.0,n3294-1
0.0,0.0,0.0,n3295-1
0.0,0.0,0.0,n3296-1
0.0,0.0,0.0,n3301-1
0.0,0.0,0.0,n3311-1
0.0,0.0,0.0,n3312-1
0.0,0.0,0.0,n3313-1
0.0,0.0,0.0,n3314-1
0.0,0.0,0.0,n3315-1
0.0,0.0,0.0,n3316-1
0.0,0.0,0.0,n3303-1
0.0,0.0,0.0,n3304-1
0.0,0.0,0.0,n3305-1
0.0,0.0,0.0,n3306-1
0.0,0.0,0.0,n3307-1
0.0,0.0,0.0,n3308-1
0.0,0.0,0.0,n3309-1
0.0,0.0,0.0,n3318-1
0.0,0.0,0.0,n3328-1
0.0,0.0,0.0,n3329-1
0.0,0.0,0.0,n3330-1
0.0,0.0,0.0,n3331-1
0.0,0.0,0.0,n3332-1
0.0,0.0,0.0,n3333-1
0.0,0.0,0.0,n3320-1
0.0,0.0,0.0,n3321-1
0.0,0.0,0.0,n3322-1
0.0,0.0,0.0,n3323-1
0.0,0.0,0.0,n3324-1
0.0,0.0,0.0,n3325-1
0.0,0.0,0.0,n3326-1
0.0,0.0,0.0,n3335-1
0.0,0.0,0.0,n3336-1
0.0,0.0,0.0,n3337-1
0.0,0.0,0.0,n3338-1
0.0,0.0,0.0,n3339-1
0.0,0.0,0.0,n3340-1
0.0,0.0,0.0,n3341-1
0.0,0.0,0.0,n3342-1
0.0,0.0,0.0,n3343-1
0.0,0.0,0.0,n3350-1
0.0,0.0,0.0,n3351-1
0.0,0.0,0.0,n3344-1
0.0,0.0,0.0,n3345-1
0.0,0.0,0.0,n3346-1
0.0,0.0,0.0,n3368-1
0.0,0.0,0.0,n3369-1
0.0,0.0,0.0,n3353-1
0.0,0.0,0.0,n3355-1
0.0,0.0,0.0,n3356-1
0.0,0.0,0.0,n3354-1
0.0,0.0,0.0,n3357-1
0.0,0.0,0.0,n3358-1
0.0,0.0,0.0,n3370-1
0.0,0.0,0.0,n3371-1
0.0,0.0,0.0,n3359-1
0.0,0.0,0.0,n3360-1
0.0,0.0,0.0,n3361-1
0.0,0.0,0.0,n3372-1
0.0,0.0,0.0,n3373-1
0.0,0.0,0.0,n3362-1
0.0,0.0,0.0,n3363-1
0.0,0.0,0.0,n3364-1
0.0,0.0,0.0,n3374-1
0.0,0.0,0.0,n3375-1
0.0,0.0,0.0,n3365-1
0.0,0.0,0.0,n3366-1
0.0,0.0,0.0,n3367-1
0.0,0.0,0.0,n3389-1
0.0,0.0,0.0,n3390-1
0.0,0.0,0.0,n3377-1
0.0,0.0,0.0,n3379-1
0.0,0.0,0.0,n3378-1
0.0,0.0,0.0,n3380-1
0.0,0.0,0.0,n3381-1
0.0,0.0,0.0,n3382-1
0.0,0.0,0.0,n3391-1
0.0,0.0,0.0,n3392-1
0.0,0.0,0.0,n3383-1
0.0,0.0,0.0,n3384-1
0.0,0.0,0.0,n3393-1
0.0,0.0,0.0,n3394-1
0.0,0.0,0.0,n3385-1
0.0,0.0,0.0,n3386-1
0.0,0.0,0.0,n3395-1
0.0,0.0,0.0,n3396-1
0.0,0.0,0.0,n3387-1
0.0,0.0,0.0,n3388-1
0.0,0.0,0.0,n3416-1
0.0,0.0,0.0,n3417-1
0.0,0.0,0.0,n3406-1
0.0,0.0,0.0,n3407-1
0.0,0.0,0.0,n3418-1
0.0,0.0,0.0,n3419-1
0.0,0.0,0.0,n3408-1
0.0,0.0,0.0,n3409-1
0.0,0.0,0.0,n3410-1
0.0,0.0,0.0,n3411-1
0.0,0.0,0.0,n3397-1
0.0,0.0,0.0,n3398-1
0.0,0.0,0.0,n3399-1
0.0,0.0,0.0,n3412-1
0.0,0.0,0.0,n3413-1
0.0,0.0,0.0,n3400-1
0.0,0.0,0.0,n3401-1
0.0,0.0,0.0,n3402-1
0.0,0.0,0.0,n3414-1
0.0,0.0,0.0,n3415-1
0.0,0.0,0.0,n3403-1
0.0,0.0,0.0,n3404-1
0.0,0.0,0.0,n3405-1
0.0,0.0,0.0,n3435-1
0.0,0.0,0.0,n3436-1
0.0,0.0,0.0,n3433-1
0.0,0.0,0.0,n3420-1
0.0,0.0,0.0,n3421-1
0.0,0.0,0.0,n3437-1
0.0,0.0,0.0,n3438-1
0.0,0.0,0.0,n3422-1
0.0,0.0,0.0,n3423-1
0.0,0.0,0.0,n3439-1
0.0,0.0,0.0,n3440-1
0.0,0.0,0.0,n3424-1
0.0,0.0,0.0,n3425-1
0.0,0.0,0.0,n3426-1
0.0,0.0,0.0,n3441-1
0.0,0.0,0.0,n3442-1
0.0,0.0,0.0,n3427-1
0.0,0.0,0.0,n3428-1
0.0,0.0,0.0,n3429-1
0.0,0.0,0.0,n3443-1
0.0,0.0,0.0,n3444-1
0.0,0.0,0.0,n3430-1
0.0,0.0,0.0,n3431-1
0.0,0.0,0.0,n3432-1
0.0,0.0,0.0,n3457-1
0.0,0.0,0.0,n3458-1
0.0,0.0,0.0,n3445-1
0.0,0.0,0.0,n3455-1
0.0,0.0,0.0,n3446-1
0.0,0.0,0.0,n3456-1
0.0,0.0,0.0,n3447-1
0.0,0.0,0.0,n3448-1
0.0,0.0,0.0,n3449-1
0.0,0.0,0.0,n3450-1
0.0,0.0,0.0,n3451-1
0.0,0.0,0.0,n3452-1
0.0,0.0,0.0,n3453-1
0.0,0.0,0.0,n3454-1
0.0,0.0,0.0,n3460-1
0.0,0.0,0.0,n3461-1
0.0,0.0,0.0,n3470-1
0.0,0.0,0.0,n3471-1
0.0,0.0,0.0,n3463-1
0.0,0.0,0.0,n3464-1
0.0,0.0,0.0,n3465-1
0.0,0.0,0.0,n3466-1
0.0,0.0,0.0,n3467-1
0.0,0.0,0.0,n3468-1
0.0,0.0,0.0,n3473-1
0.0,0.0,0.0,n3474-1
0.0,0.0,0.0,n3483-1
0.0,0.0,0.0,n3484-1
0.0,0.0,0.0,n3476-1
0.0,0.0,0.0,n3477-1
0.0,0.0,0.0,n3478-1
0.0,0.0,0.0,n3479-1
0.0,0.0,0.0,n3480-1
0.0,0.0,0.0,n3481-1
0.0,0.0,0.0,n3486-1
0.0,0.0,0.0,n3487-1
0.0,0.0,0.0,n3491-1
0.0,0.0,0.0,n3492-1
0.0,0.0,0.0,n3502-1
0.0,0.0,0.0,n3503-1
0.0,0.0,0.0,n3496-1
0.0,0.0,0.0,n3504-1
0.0,0.0,0.0,n3505-1
0.0,0.0,0.0,n3497-1
0.0,0.0,0.0,n3506-1
0.0,0.0,0.0,n3507-1
0.0,0.0,0.0,n3498-1
0.0,0.0,0.0,n3508-1
0.0,0.0,0.0,n3509-1
0.0,0.0,0.0,n3499-1
0.0,0.0,0.0,n3510-1
0.0,0.0,0.0,n3511-1
0.0,0.0,0.0,n3500-1
0.0,0.0,0.0,n3512-1
0.0,0.0,0.0,n3513-1
0.0,0.0,0.0,n3501-1
0.0,0.0,0.0,n3527-1
0.0,0.0,0.0,n3528-1
0.0,0.0,0.0,n3514-1
0.0,0.0,0.0,n3523-1
0.0,0.0,0.0,n3515-1
0.0,0.0,0.0,n3516-1
0.0,0.0,0.0,n3524-1
0.0,0.0,0.0,n3517-1
0.0,0.0,0.0,n3518-1
0.0,0.0,0.0,n3525-1
0.0,0.0,0.0,n3519-1
0.0,0.0,0.0,n3520-1
0.0,0.0,0.0,n3526-1
0.0,0.0,0.0,n3521-1
0.0,0.0,0.0,n3522-1
0.0,0.0,0.0,n3536-1
0.0,0.0,0.0,n3537-1
0.0,0.0,0.0,n3530-1
0.0,0.0,0.0,n3538-1
0.0,0.0,0.0,n3539-1
0.0,0.0,0.0,n3531-1
0.0,0.0,0.0,n3540-1
0.0,0.0,0.0,n3541-1
0.0,0.0,0.0,n3532-1
0.0,0.0,0.0,n3542-1
0.0,0.0,0.0,n3543-1
0.0,0.0,0.0,n3533-1
0.0,0.0,0.0,n3544-1
0.0,0.0,0.0,n3545-1
0.0,0.0,0.0,n3534-1
0.0,0.0,0.0,n3546-1
0.0,0.0,0.0,n3547-1
0.0,0.0,0.0,n3535-1
0.0,0.0,0.0,n3561-1
0.0,0.0,0.0,n3562-1
0.0,0.0,0.0,n3548-1
0.0,0.0,0.0,n3557-1
0.0,0.0,0.0,n3549-1
0.0,0.0,0.0,n3550-1
0.0,0.0,0.0,n3558-1
0.0,0.0,0.0,n3551-1
0.0,0.0,0.0,n3552-1
0.0,0.0,0.0,n3559-1
0.0,0.0,0.0,n3553-1
0.0,0.0,0.0,n3554-1
0.0,0.0,0.0,n3560-1
0.0,0.0,0.0,n3555-1
0.0,0.0,0.0,n3556-1
0.0,0.0,0.0,n3570-1
0.0,0.0,0.0,n3564-1
0.0,0.0,0.0,n3571-1
0.0,0.0,0.0,n3572-1
0.0,0.0,0.0,n3573-1
0.0,0.0,0.0,n3574-1
0.0,0.0,0.0,n3575-1
0.0,0.0,0.0,n3576-1
0.0,0.0,0.0,n3565-1
0.0,0.0,0.0,n3577-1
0.0,0.0,0.0,n3578-1
0.0,0.0,0.0,n3566-1
0.0,0.0,0.0,n3579-1
0.0,0.0,0.0,n3580-1
0.0,0.0,0.0,n3567-1
0.0,0.0,0.0,n3581-1
0.0,0.0,0.0,n3582-1
0.0,0.0,0.0,n3568-1
0.0,0.0,0.0,n3583-1
0.0,0.0,0.0,n3584-1
0.0,0.0,0.0,n3569-1
0.0,0.0,0.0,n3585-1
0.0,0.0,0.0,n3594-1
0.0,0.0,0.0,n3586-1
0.0,0.0,0.0,n3587-1
0.0,0.0,0.0,n3588-1
0.0,0.0,0.0,n3595-1
0.0,0.0,0.0,n3596-1
0.0,0.0,0.0,n3597-1
0.0,0.0,0.0,n3598-1
0.0,0.0,0.0,n3599-1
0.0,0.0,0.0,n3600-1
0.0,0.0,0.0,n3589-1
0.0,0.0,0.0,n3601-1
0.0,0.0,0.0,n3602-1
0.0,0.0,0.0,n3590-1
0.0,0.0,0.0,n3603-1
0.0,0.0,0.0,n3604-1
0.0,0.0,0.0,n3591-1
0.0,0.0,0.0,n3605-1
0.0,0.0,0.0,n3606-1
0.0,0.0,0.0,n3592-1
0.0,0.0,0.0,n3607-1
0.0,0.0,0.0,n3608-1
0.0,0.0,0.0,n3593-1
0.0,0.0,0.0,n3609-1
0.0,0.0,0.0,n3638-1
0.0,0.0,0.0,n3611-1
0.0,0.0,0.0,n3612-1
0.0,0.0,0.0,n3613-1
0.0,0.0,0.0,n3614-1
0.0,0.0,0.0,n3615-1
0.0,0.0,0.0,n3616-1
0.0,0.0,0.0,n3640-1
0.0,0.0,0.0,n3618-1
0.0,0.0,0.0,n3619-1
0.0,0.0,0.0,n3620-1
0.0,0.0,0.0,n3621-1
0.0,0.0,0.0,n3622-1
0.0,0.0,0.0,n3623-1
0.0,0.0,0.0,n3642-1
0.0,0.0,0.0,n3625-1
0.0,0.0,0.0,n3626-1
0.0,0.0,0.0,n3627-1
0.0,0.0,0.0,n3628-1
0.0,0.0,0.0,n3629-1
0.0,0.0,0.0,n3630-1
0.0,0.0,0.0,n3644-1
0.0,0.0,0.0,n3632-1
0.0,0.0,0.0,n3633-1
0.0,0.0,0.0,n3634-1
0.0,0.0,0.0,n3635-1
0.0,0.0,0.0,n3636-1
0.0,0.0,0.0,n3637-1
0.0,0.0,0.0,n3674-1
0.0,0.0,0.0,n3646-1
0.0,0.0,0.0,n3647-1
0.0,0.0,0.0,n3648-1
0.0,0.0,0.0,n3649-1
0.0,0.0,0.0,n3650-1
0.0,0.0,0.0,n3651-1
0.0,0.0,0.0,n3676-1
0.0,0.0,0.0,n3652-1
0.0,0.0,0.0,n3653-1
0.0,0.0,0.0,n3677-1
0.0,0.0,0.0,n3678-1
0.0,0.0,0.0,n3654-1
0.0,0.0,0.0,n3655-1
0.0,0.0,0.0,n3679-1
0.0,0.0,0.0,n3680-1
0.0,0.0,0.0,n3656-1
0.0,0.0,0.0,n3657-1
0.0,0.0,0.0,n3681-1
0.0,0.0,0.0,n3682-1
0.0,0.0,0.0,n3658-1
0.0,0.0,0.0,n3659-1
0.0,0.0,0.0,n3660-1
0.0,0.0,0.0,n3661-1
0.0,0.0,0.0,n3662-1
0.0,0.0,0.0,n3663-1
0.0,0.0,0.0,n3664-1
0.0,0.0,0.0,n3665-1
0.0,0.0,0.0,n3666-1
0.0,0.0,0.0,n3667-1
0.0,0.0,0.0,n3684-1
0.0,0.0,0.0,n3668-1
0.0,0.0,0.0,n3669-1
0.0,0.0,0.0,n3685-1
0.0,0.0,0.0,n3686-1
0.0,0.0,0.0,n3670-1
0.0,0.0,0.0,n3671-1
0.0,0.0,0.0,n3687-1
0.0,0.0,0.0,n3688-1
0.0,0.0,0.0,n3672-1
0.0,0.0,0.0,n3673-1
0.0,0.0,0.0,n3689-1
0.0,0.0,0.0,n3727-1
0.0,0.0,0.0,n3690-1
0.0,0.0,0.0,n3691-1
0.0,0.0,0.0,n3728-1
0.0,0.0,0.0,n3692-1
0.0,0.0,0.0,n3693-1
0.0,0.0,0.0,n3729-1
0.0,0.0,0.0,n3730-1
0.0,0.0,0.0,n3694-1
0.0,0.0,0.0,n3695-1
0.0,0.0,0.0,n3731-1
0.0,0.0,0.0,n3732-1
0.0,0.0,0.0,n3696-1
0.0,0.0,0.0,n3697-1
0.0,0.0,0.0,n3733-1
0.0,0.0,0.0,n3734-1
0.0,0.0,0.0,n3698-1
0.0,0.0,0.0,n3699-1
0.0,0.0,0.0,n3735-1
0.0,0.0,0.0,n3700-1
0.0,0.0,0.0,n3701-1
0.0,0.0,0.0,n3736-1
0.0,0.0,0.0,n3737-1
0.0,0.0,0.0,n3702-1
0.0,0.0,0.0,n3703-1
0.0,0.0,0.0,n3738-1
0.0,0.0,0.0,n3739-1
0.0,0.0,0.0,n3704-1
0.0,0.0,0.0,n3705-1
0.0,0.0,0.0,n3740-1
0.0,0.0,0.0,n3741-1
0.0,0.0,0.0,n3706-1
0.0,0.0,0.0,n3707-1
0.0,0.0,0.0,n3742-1
0.0,0.0,0.0,n3743-1
0.0,0.0,0.0,n3708-1
0.0,0.0,0.0,n3709-1
0.0,0.0,0.0,n3744-1
0.0,0.0,0.0,n3745-1
0.0,0.0,0.0,n3710-1
0.0,0.0,0.0,n3711-1
0.0,0.0,0.0,n3746-1
0.0,0.0,0.0,n3747-1
0.0,0.0,0.0,n3712-1
0.0,0.0,0.0,n3713-1
0.0,0.0,0.0,n3714-1
0.0,0.0,0.0,n3748-1
0.0,0.0,0.0,n3749-1
0.0,0.0,0.0,n3715-1
0.0,0.0,0.0,n3716-1
0.0,0.0,0.0,n3717-1
0.0,0.0,0.0,n3750-1
0.0,0.0,0.0,n3751-1
0.0,0.0,0.0,n3718-1
0.0,0.0,0.0,n3719-1
0.0,0.0,0.0,n3720-1
0.0,0.0,0.0,n3752-1
0.0,0.0,0.0,n3753-1
0.0,0.0,0.0,n3721-1
0.0,0.0,0.0,n3722-1
0.0,0.0,0.0,n3723-1
0.0,0.0,0.0,n3754-1
0.0,0.0,0.0,n3755-1
0.0,0.0,0.0,n3724-1
0.0,0.0,0.0,n3725-1
0.0,0.0,0.0,n3726-1
0.0,0.0,0.0,n3775-1
0.0,0.0,0.0,n3776-1
0.0,0.0,0.0,n3756-1
0.0,0.0,0.0,n3757-1
0.0,0.0,0.0,n3758-1
0.0,0.0,0.0,n3777-1
0.0,0.0,0.0,n3759-1
0.0,0.0,0.0,n3760-1
0.0,0.0,0.0,n3761-1
0.0,0.0,0.0,n3762-1
0.0,0.0,0.0,n3763-1
0.0,0.0,0.0,n3764-1
0.0,0.0,0.0,n3765-1
0.0,0.0,0.0,n3766-1
0.0,0.0,0.0,n3778-1
0.0,0.0,0.0,n3767-1
0.0,0.0,0.0,n3768-1
0.0,0.0,0.0,n3779-1
0.0,0.0,0.0,n3769-1
0.0,0.0,0.0,n3770-1
0.0,0.0,0.0,n3780-1
0.0,0.0,0.0,n3771-1
0.0,0.0,0.0,n3781-1
0.0,0.0,0.0,n3782-1
0.0,0.0,0.0,n3783-1
0.0,0.0,0.0,n3784-1
0.0,0.0,0.0,n3785-1
0.0,0.0,0.0,n3786-1
0.0,0.0,0.0,n3787-1
0.0,0.0,0.0,n3788-1
0.0,0.0,0.0,n3789-1
0.0,0.0,0.0,n3790-1
0.0,0.0,0.0,n3807-1
0.0,0.0,0.0,n3808-1
0.0,0.0,0.0,n3809-1
0.0,0.0,0.0,n3810-1
0.0,0.0,0.0,n3811-1
0.0,0.0,0.0,n3812-1
0.0,0.0,0.0,n3813-1
0.0,0.0,0.0,n3814-1
0.0,0.0,0.0,n3815-1
0.0,0.0,0.0,n3816-1
0.0,0.0,0.0,n3817-1
0.0,0.0,0.0,n3818-1
0.0,0.0,0.0,n3793-1
0.0,0.0,0.0,n3794-1
0.0,0.0,0.0,n3819-1
0.0,0.0,0.0,n3820-1
0.0,0.0,0.0,n3795-1
0.0,0.0,0.0,n3796-1
0.0,0.0,0.0,n3821-1
0.0,0.0,0.0,n3822-1
0.0,0.0,0.0,n3797-1
0.0,0.0,0.0,n3798-1
0.0,0.0,0.0,n3823-1
0.0,0.0,0.0,n3824-1
0.0,0.0,0.0,n3799-1
0.0,0.0,0.0,n3825-1
0.0,0.0,0.0,n3826-1
0.0,0.0,0.0,n3827-1
0.0,0.0,0.0,n3828-1
0.0,0.0,0.0,n3829-1
0.0,0.0,0.0,n3830-1
0.0,0.0,0.0,n3831-1
0.0,0.0,0.0,n3832-1
0.0,0.0,0.0,n3833-1
0.0,0.0,0.0,n3834-1
0.0,0.0,0.0,n3801-1
0.0,0.0,0.0,n3802-1
0.0,0.0,0.0,n3835-1
0.0,0.0,0.0,n3836-1
0.0,0.0,0.0,n3803-1
0.0,0.0,0.0,n3804-1
0.0,0.0,0.0,n3837-1
0.0,0.0,0.0,n3838-1
0.0,0.0,0.0,n3805-1
0.0,0.0,0.0,n3806-1
0.0,0.0,0.0,n3882-1
0.0,0.0,0.0,n3883-1
0.0,0.0,0.0,n3839-1
0.0,0.0,0.0,n3884-1
0.0,0.0,0.0,n3885-1
0.0,0.0,0.0,n3840-1
0.0,0.0,0.0,n3841-1
0.0,0.0,0.0,n3886-1
0.0,0.0,0.0,n3887-1
0.0,0.0,0.0,n3842-1
0.0,0.0,0.0,n3843-1
0.0,0.0,0.0,n3888-1
0.0,0.0,0.0,n3889-1
0.0,0.0,0.0,n3844-1
0.0,0.0,0.0,n3845-1
0.0,0.0,0.0,n3890-1
0.0,0.0,0.0,n3891-1
0.0,0.0,0.0,n3846-1
0.0,0.0,0.0,n3892-1
0.0,0.0,0.0,n3893-1
0.0,0.0,0.0,n3847-1
0.0,0.0,0.0,n3848-1
0.0,0.0,0.0,n3894-1
0.0,0.0,0.0,n3895-1
0.0,0.0,0.0,n3849-1
0.0,0.0,0.0,n3850-1
0.0,0.0,0.0,n3896-1
0.0,0.0,0.0,n3897-1
0.0,0.0,0.0,n3851-1
0.0,0.0,0.0,n3852-1
0.0,0.0,0.0,n3898-1
0.0,0.0,0.0,n3899-1
0.0,0.0,0.0,n3853-1
0.0,0.0,0.0,n3900-1
0.0,0.0,0.0,n3854-1
0.0,0.0,0.0,n3855-1
0.0,0.0,0.0,n3856-1
0.0,0.0,0.0,n3857-1
0.0,0.0,0.0,n3901-1
0.0,0.0,0.0,n3902-1
0.0,0.0,0.0,n3858-1
0.0,0.0,0.0,n3859-1
0.0,0.0,0.0,n3860-1
0.0,0.0,0.0,n3861-1
0.0,0.0,0.0,n3903-1
0.0,0.0,0.0,n3904-1
0.0,0.0,0.0,n3862-1
0.0,0.0,0.0,n3863-1
0.0,0.0,0.0,n3864-1
0.0,0.0,0.0,n3865-1
0.0,0.0,0.0,n3905-1
0.0,0.0,0.0,n3906-1
0.0,0.0,0.0,n3866-1
0.0,0.0,0.0,n3867-1
0.0,0.0,0.0,n3868-1
0.0,0.0,0.0,n3869-1
0.0,0.0,0.0,n3907-1
0.0,0.0,0.0,n3870-1
0.0,0.0,0.0,n3871-1
0.0,0.0,0.0,n3872-1
0.0,0.0,0.0,n3873-1
0.0,0.0,0.0,n3908-1
0.0,0.0,0.0,n3909-1
0.0,0.0,0.0,n3874-1
0.0,0.0,0.0,n3875-1
0.0,0.0,0.0,n3876-1
0.0,0.0,0.0,n3877-1
0.0,0.0,0.0,n3910-1
0.0,0.0,0.0,n3911-1
0.0,0.0,0.0,n3878-1
0.0,0.0,0.0,n3879-1
0.0,0.0,0.0,n3880-1
0.0,0.0,0.0,n3881-1
0.0,0.0,0.0,n3912-1
0.0,0.0,0.0,n3932-1
0.0,0.0,0.0,n3913-1
0.0,0.0,0.0,n3914-1
0.0,0.0,0.0,n3915-1
0.0,0.0,0.0,n3916-1
0.0,0.0,0.0,n3933-1
0.0,0.0,0.0,n3917-1
0.0,0.0,0.0,n3918-1
0.0,0.0,0.0,n3919-1
0.0,0.0,0.0,n3920-1
0.0,0.0,0.0,n3921-1
0.0,0.0,0.0,n3922-1
0.0,0.0,0.0,n3923-1
0.0,0.0,0.0,n3924-1
0.0,0.0,0.0,n3934-1
0.0,0.0,0.0,n3925-1
0.0,0.0,0.0,n3926-1
0.0,0.0,0.0,n3935-1
0.0,0.0,0.0,n3927-1
0.0,0.0,0.0,n3928-1
0.0,0.0,0.0,n3943-1
0.0,0.0,0.0,n3929-1
0.0,0.0,0.0,n3936-1
0.0,0.0,0.0,n3937-1
0.0,0.0,0.0,n3938-1
0.0,0.0,0.0,n3939-1
0.0,0.0,0.0,n3930-1
0.0,0.0,0.0,n3940-1
0.0,0.0,0.0,n3941-1
0.0,0.0,0.0,n3931-1
0.0,0.0,0.0,n3942-1
0.0,0.0,0.0,n3962-1
0.0,0.0,0.0,n3953-1
0.0,0.0,0.0,n3944-1
0.0,0.0,0.0,n3945-1
0.0,0.0,0.0,n3954-1
0.0,0.0,0.0,n3946-1
0.0,0.0,0.0,n3947-1
0.0,0.0,0.0,n3948-1
0.0,0.0,0.0,n3963-1
0.0,0.0,0.0,n3949-1
0.0,0.0,0.0,n3950-1
0.0,0.0,0.0,n3955-1
0.0,0.0,0.0,n3956-1
0.0,0.0,0.0,n3957-1
0.0,0.0,0.0,n3958-1
0.0,0.0,0.0,n3951-1
0.0,0.0,0.0,n3959-1
0.0,0.0,0.0,n3960-1
0.0,0.0,0.0,n3952-1
0.0,0.0,0.0,n3961-1
0.0,0.0,0.0,n3981-1
0.0,0.0,0.0,n3976-1
0.0,0.0,0.0,n3964-1
0.0,0.0,0.0,n3965-1
0.0,0.0,0.0,n3977-1
0.0,0.0,0.0,n3966-1
0.0,0.0,0.0,n3967-1
0.0,0.0,0.0,n3968-1
0.0,0.0,0.0,n3978-1
0.0,0.0,0.0,n3969-1
0.0,0.0,0.0,n3970-1
0.0,0.0,0.0,n3982-1
0.0,0.0,0.0,n3979-1
0.0,0.0,0.0,n3972-1
0.0,0.0,0.0,n3973-1
0.0,0.0,0.0,n3980-1
0.0,0.0,0.0,n3974-1
0.0,0.0,0.0,n3975-1
0.0,0.0,0.0,n4012-1
0.0,0.0,0.0,n4007-1
0.0,0.0,0.0,n3983-1
0.0,0.0,0.0,n3985-1
0.0,0.0,0.0,n3986-1
0.0,0.0,0.0,n3987-1
0.0,0.0,0.0,n3988-1
0.0,0.0,0.0,n3989-1
0.0,0.0,0.0,n3990-1
0.0,0.0,0.0,n3991-1
0.0,0.0,0.0,n3992-1
0.0,0.0,0.0,n3993-1
0.0,0.0,0.0,n3994-1
0.0,0.0,0.0,n3995-1
0.0,0.0,0.0,n3996-1
0.0,0.0,0.0,n3997-1
0.0,0.0,0.0,n3998-1
0.0,0.0,0.0,n3999-1
0.0,0.0,0.0,n4000-1
0.0,0.0,0.0,n4001-1
0.0,0.0,0.0,n4002-1
0.0,0.0,0.0,n4003-1
0.0,0.0,0.0,n4004-1
0.0,0.0,0.0,n4008-1
0.0,0.0,0.0,n4009-1
0.0,0.0,0.0,n4010-1
0.0,0.0,0.0,n4011-1
0.0,0.0,0.0,n4005-1
